Response ID (ResponseId),Progress (Progress),Duration (in seconds) (Duration (in seconds)),Finished (Finished),Recorded Date (RecordedDate),How long have you been working at your present office? (background_time),"In a typical week, how many hours do you spend in your workspace? (background_hours)",How would you describe the work that you do? - Selected Choice (background_work),How would you describe the work that you do? - Other - Text (background_work_5_TEXT),What is your age? (background_age),What is your gender? (background_gender),"How satisfied are you with the air quality (i.e., stuffy/ stale air, cleanliness, odors) in your workspace? - How satisfied are you with the air quality (i.e., stuffy/ stale air, cleanliness, odors) in your workspace? (iaq_sat_1)",You have said that you are dissatisfied with the air quality in your workspace. Please rate the level of each of the following problems. - Air is stuffy/stale (iaq_dis_level_1),You have said that you are dissatisfied with the air quality in your workspace. Please rate the level of each of the following problems. - Air is not clean (iaq_dis_level_2),You have said that you are dissatisfied with the air quality in your workspace. Please rate the level of each of the following problems. - Air smells bad (odors) (iaq_dis_level_3),Which of the following contribute to your dissatisfaction with the air quality? (Check all that apply) - Selected Choice (iaq_dis_iaq),Which of the following contribute to your dissatisfaction with the air quality? (Check all that apply) - Other - Text (iaq_dis_iaq_10_TEXT),Please describe any other aspects related to the air quality of your workspace that are important to you. (iaq_other_text),How satisfied are you with... - The temperature in your workspace (thermal_sat_1),How satisfied are you with... - Your ability to adjust or control the temperature in your workspace (thermal_sat_2),You have said that you are dissatisfied with the temperature in your workspace. Which of the following contribute to your dissatisfaction? (Check all that apply) - Selected Choice (thermal_dis_thermal),You have said that you are dissatisfied with the temperature in your workspace. Which of the following contribute to your dissatisfaction? (Check all that apply) - Other - Text (thermal_dis_thermal_20_TEXT),"In general, during warm/hot weather, would you prefer the temperature in your workspace to... (thermal_weather_hot)","In general, during cool/cold weather, would you prefer the temperature in your workspace to... (thermal_weather_cold)",Please describe any other aspects related to the thermal environment of your workspace that are important to you. (thermal_other_text),How satisfied are you with... - The amount of electric light in your workspace (light_sat_1),How satisfied are you with... - The amount of daylight in your workspace (light_sat_2),How satisfied are you with... - Glare and reflections on screens and surfaces (light_sat_3),How satisfied are you with... - Your ability to adjust or control the overall lighting in your workspace (light_sat_4),Are you allowed to add task lighting in your personal workspace? (light_task),You have said that you are dissatisfied with the lighting in your workspace. Which of the following contribute to your dissatisfaction? (Check all that apply) - Selected Choice (light_dis_light),You have said that you are dissatisfied with the lighting in your workspace. Which of the following contribute to your dissatisfaction? (Check all that apply) - Other - Text (light_dis_light_12_TEXT),Please describe any other aspects related to the lighting in your workspace that are important to you. (light_other_text),How satisfied are you with the... - Noise level in your workspace (acoustic_sat_1),How satisfied are you with the... - Ability to communicate without your neighbors overhearing and vice versa (acoustic_sat_2),You have said you are dissatisfied with the acoustics your workspace. Which of the following contributes to this problem? (Check all that apply) - Selected Choice (acoustic_dis_acousti),You have said you are dissatisfied with the acoustics your workspace. Which of the following contributes to this problem? (Check all that apply) - Other - Text (acoustic_dis_acousti_11_TEXT),Please describe any other aspects of the acoustics in your workspace that are important to you. (acoustic_other_text),"How satisfied are you with... - The comfort of your furnishings (chair, desk, computer, equipment, etc.) (furnish_sat_1)",How satisfied are you with... - Your ability to adjust your furniture to meet your needs (furnish_sat_2),"How satisfied are you with... - The colors and textures of flooring, furniture, and surface finishes (furnish_sat_3)",You have said you are dissatisfied with your furnishings. Which of the following are not comfortable? (Check all that apply) - Selected Choice (furnish_dis_comfort),"You have said you are dissatisfied with your furnishings. Which of the following are not comfortable? (Check all that apply) - Your equipment (e.g., computer, mouse, keyboard). Please list: - Text (furnish_dis_comfort_3_TEXT)",You have said you are dissatisfied with your furnishings. Which of the following are not comfortable? (Check all that apply) - Other - Text (furnish_dis_comfort_7_TEXT),Please describe any other aspects related to workspace furnishings that are important to you. (furnish_other_text),Which of the following best describes your personal workspace? - Selected Choice (location_type),Which of the following best describes your personal workspace? - Other - Text (location_type_6_TEXT),"Considering the layout of your workspace, how satisfied are you with the... - Amount of space available for individual work and storage (layout_sat_1)","Considering the layout of your workspace, how satisfied are you with the... - Level of visual privacy at your personal workspace (layout_sat_2)","Considering the layout of your workspace, how satisfied are you with the... - Ease of interaction with co-workers (layout_sat_3)",You have said that you are dissatisfied with the amount of space available for individual work and storage. Which of the following contribute to your dissatisfaction? (Check all that apply) - Selected Choice (layout_dis_space),You have said that you are dissatisfied with the amount of space available for individual work and storage. Which of the following contribute to your dissatisfaction? (Check all that apply) - Other - Text (layout_dis_space_6_TEXT),You have said that you are dissatisfied with the level of visual privacy. Which of the following contribute to your dissatisfaction? (Check all that apply) - Selected Choice (layout_dis_vispriv),You have said that you are dissatisfied with the level of visual privacy. Which of the following contribute to your dissatisfaction? (Check all that apply) - Other - Text (layout_dis_vispriv_5_TEXT),You have said that you are dissatisfied with the ease of interaction with co-workers. Which of the following contribute to your dissatisfaction? (Check all that apply) - Selected Choice (layout_dis_interact),You have said that you are dissatisfied with the ease of interaction with co-workers. Which of the following contribute to your dissatisfaction? (Check all that apply) - Other - Text (layout_dis_interact_6_TEXT),Please describe any other aspects related to the office layout that are important to you. (layout_other_text),How satisfied are you with the office's general... - Cleanliness (clean_sat_1),How satisfied are you with the office's general... - Maintenance (clean_sat_2),Which of the following contribute to this dissatisfaction of the general cleanliness and maintenance of the overall building? (Check all that apply) - Selected Choice (clean_dis_clean),"Which of the following contribute to this dissatisfaction of the general cleanliness and maintenance of the overall building? (Check all that apply) - Poorly maintained equipment (e.g., lights, doors, appliances) - Text (clean_dis_clean_7_TEXT)",Which of the following contribute to this dissatisfaction of the general cleanliness and maintenance of the overall building? (Check all that apply) - Other - Text (clean_dis_clean_8_TEXT),Please describe any other aspects related to cleaning and maintenance that are important to you. (clean_other_text),How satisfied are you with... - Your access to nature (amenities_sat_1),How satisfied are you with... - Your ability to work outdoors (amenities_sat_2),How satisfied are you with... - Your ability to see the outdoors from your workspace (amenities_sat_3),How satisfied are you with... - The views from the windows at your workspace (amenities_sat_4),How satisfied are you with... - The views from the windows throughout the office (amenities_sat_5),In which area of the building is your workspace located? (location_area),On which floor number is your workspace located? (location_floor),Are you near (within about 15 feet/5 meters)... - An exterior wall (location_near_1),Are you near (within about 15 feet/5 meters)... - A window (location_near_2),In which direction do the windows closest to your workspace face? (location_direction),How satisfied are you with your proximity to... - Atrium (amenities_prox_sat_1),How satisfied are you with your proximity to... - Courtyard/garden (amenities_prox_sat_2),How satisfied are you with your proximity to... - Break room/kitchen (amenities_prox_sat_3),How satisfied are you with your proximity to... - Meeting rooms (amenities_prox_sat_4),How satisfied are you with your proximity to... - Lockers (amenities_prox_sat_5),"Please describe any other aspects related to your access to nature, your views, or the amenities (e.g.,atrium, courtyard, garden, break room) in your office that are important to you. (amenities_other_text)",How satisfied are you with... - The taste of the drinking water in your office (water_sat_1),How satisfied are you with... - Your access to drinking water in your office (water_sat_2),You have said that you are dissatisfied with the drinking water in your office. Which of the following contribute to your dissatisfaction? (Check all that apply) - Selected Choice (water_dis_water),You have said that you are dissatisfied with the drinking water in your office. Which of the following contribute to your dissatisfaction? (Check all that apply) - Other - Text (water_dis_water_4_TEXT),How satisfied are you with your ability to find healthy food options at or near your office? - How satisfied are you with your ability to find healthy food options at or near your office? (nutrition_sat_1),You have said you are dissatisfied with your ability to find healthy food options while at work. Which of the following contribute to your dissatisfaction? (Check all that apply) - Selected Choice (nutrition_dis_food),You have said you are dissatisfied with your ability to find healthy food options while at work. Which of the following contribute to your dissatisfaction? (Check all that apply) - Other - Text (nutrition_dis_food_5_TEXT),Please describe any other aspects related to the water or food at your office that are important to you. (nutrition_other_text),How satisfied are you with each of the following wellness policies provided by your employer? - Number of vacation days offered (wellness_sat_1),How satisfied are you with each of the following wellness policies provided by your employer? - Number of sick days offered (wellness_sat_2),How satisfied are you with each of the following wellness policies provided by your employer? - Process for requesting vacation days (wellness_sat_3),How satisfied are you with each of the following wellness policies provided by your employer? - Maternity leave (wellness_sat_4),How satisfied are you with each of the following wellness policies provided by your employer? - Paternity leave (wellness_sat_5),How satisfied are you with each of the following wellness policies provided by your employer? - Incentive programs to promote healthy behaviors/life style (wellness_sat_6),"Over the past six months, approximately how many days have you taken_ - Sick leave - # of days (wellness_leave_1_1)","Over the past six months, approximately how many days have you taken_ - Vacation days - # of days (wellness_leave_2_1)",Please describe any other aspects related to the wellness policies of your office that are important to you. (wellness_other_text),How would you rate your current_ - Physical health (health_rate_1),How would you rate your current_ - Mental health (health_rate_2),Consider the last four weeks. How would you rate your health over this time period? - Physical health (health_mental_1),Consider the last four weeks. How would you rate your health over this time period? - Mental health (health_mental_2),Consider your office overall. How much does your work environment enhance or interfere with your overall_ - Physical health (health_interfere_1),Consider your office overall. How much does your work environment enhance or interfere with your overall_ - Mental health (health_interfere_2),Consider your office overall. How much does your work environment enhance or interfere with your overall_ - Stress levels (health_interfere_3),Consider your office overall. How much does your work environment enhance or interfere with your overall_ - Life satisfaction (health_interfere_4),Please describe any other aspects related to your physical or mental health while at work that are important to you. (health_other_text),"On average, while at work, how much of your day do you feel is spent_ (Do your best to total to 100%) - Sitting - Percent of time in work day (activity_spent_1_1)","On average, while at work, how much of your day do you feel is spent_ (Do your best to total to 100%) - Standing - Percent of time in work day (activity_spent_2_1)","On average, while at work, how much of your day do you feel is spent_ (Do your best to total to 100%) - Walking/climbing stairs - Percent of time in work day (activity_spent_3_1)","On average, while at work, how much of your day do you feel is spent_ (Do your best to total to 100%) - Doing minor lifting (e.g., lifting boxes, filing, etc.) - Percent of time in work day (activity_spent_4_1)","On average, while at work, how much of your day do you feel is spent_ (Do your best to total to 100%) - Taking breaks/decompressing - Percent of time in work day (activity_spent_5_1)","Considering your time at work each day, how satisfied are you with the amount of physical activity you engage in (on average)? (activity_sat_1)",Please describe any other aspects related to your daily physical activity while at work that are important to you. (activity_other_text),"Considering your typical workspace, how satisfied are you with its ability to support your... - Focus (support_sat_1)","Considering your typical workspace, how satisfied are you with its ability to support your... - Creativity (support_sat_2)","Considering your typical workspace, how satisfied are you with its ability to support your... - Ability to collaborate (support_sat_3)","Think about your life in general. 


Below are six statements with which you may agree or disagree. Indicate the degree to which you agree or disagree with the following statements. Please be open and honest in your responses. - In most ways, my life is close to ideal (support_life_1)","Think about your life in general. 


Below are six statements with which you may agree or disagree. Indicate the degree to which you agree or disagree with the following statements. Please be open and honest in your responses. - The conditions of my life are excellent (support_life_2)","Think about your life in general. 


Below are six statements with which you may agree or disagree. Indicate the degree to which you agree or disagree with the following statements. Please be open and honest in your responses. - I am satisfied with my life (support_life_3)","Think about your life in general. 


Below are six statements with which you may agree or disagree. Indicate the degree to which you agree or disagree with the following statements. Please be open and honest in your responses. - So far I have gotten the important things I want from my life (support_life_4)","Think about your life in general. 


Below are six statements with which you may agree or disagree. Indicate the degree to which you agree or disagree with the following statements. Please be open and honest in your responses. - If I could live my life over, I would change almost nothing (support_life_5)","Think about your life in general. 


Below are six statements with which you may agree or disagree. Indicate the degree to which you agree or disagree with the following statements. Please be open and honest in your responses. - I feel as though my life has purpose (support_life_6)","Think about your job.

 

Indicate the degree to which you agree or disagree with the following statements. Please be open and honest in your responses. - I am satisfied with my job (support_job_1)","Think about your job.

 

Indicate the degree to which you agree or disagree with the following statements. Please be open and honest in your responses. - I feel as though my job gives me a sense of purpose (support_job_2)","Think about your job.

 

Indicate the degree to which you agree or disagree with the following statements. Please be open and honest in your responses. - I feel as though I am competent at my job (support_job_3)","Think about your job.

 

Indicate the degree to which you agree or disagree with the following statements. Please be open and honest in your responses. - I feel satisfied with my current work-life balance (support_job_4)","Think about your job.

 

Indicate the degree to which you agree or disagree with the following statements. Please be open and honest in your responses. - I plan to stay at my job for as long as I can (support_job_5)","Overall, do you feel your office environment enhances or interferes with your ability to get your job done? - Overall, do you feel your office environment enhances or interferes with your ability to get your job done? (general_enhance_1)","All things considered, how satisfied are you with your personal workspace? - All things considered, how satisfied are you with your personal workspace? (general_sat_space_1)",How satisfied are you with the office overall? (general_sat_building_1),Any additional comments or recommendations about your personal workspace or building overall? (general_other_text)
,,,,,More than 3 years,11月20日,Staff,NA,10,Female,Dissatisfied,Not a problem,Not a problem,Not a problem,"Perfume smells,There is no ability to let in outdoor air",NA,NA,Dissatisfied,Dissatisfied,Air movement too low,NA,Not change,Not change,NA,Somewhat dissatisfied,Somewhat dissatisfied,Somewhat dissatisfied,Somewhat dissatisfied,Yes,Other,NA,NA,Dissatisfied,Dissatisfied,People talking on the phone or video calls,NA,NA,Dissatisfied,Dissatisfied,Dissatisfied,The furniture in break rooms/kitchen/lounge spaces,NA,NA,NA,Workspace in open office with no partitions (just desks),NA,Dissatisfied,Dissatisfied,Dissatisfied,"Number of screens,Space for meeting with other people",NA,People can easily see into my workspace through exterior windows,NA,My workstation is located too close to others,NA,NA,Dissatisfied,Dissatisfied,NA,NA,NA,NA,Dissatisfied,Dissatisfied,Dissatisfied,Dissatisfied,Dissatisfied,,,No,Yes,,NA,NA,NA,NA,NA,NA,NA,NA,NA,NA,NA,NA,NA,NA,NA,NA,NA,NA,NA,NA,NA,NA,NA,NA,NA,NA,NA,NA,NA,NA,NA,NA,NA,NA,NA,NA,NA,NA,NA,Dissatisfied,Dissatisfied,Dissatisfied,NA,NA,NA,NA,NA,NA,NA,NA,NA,NA,NA,NA,NA,NA,NA
,,,,,More than 3 years,More than 50,Executive,NA,56,Female,Satisfied,NA,NA,NA,NA,NA,NA,Satisfied,Satisfied,NA,NA,NA,NA,Would like fresh air,Satisfied,Satisfied,Satisfied,Satisfied,Yes,NA,NA,Enjoy natural light w single lamp for focus,Somewhat satisfied,Somewhat satisfied,NA,NA,Would like heads down space,Satisfied,Satisfied,Satisfied,NA,NA,NA,Ergo is good.  Also quiet pods,"Enclosed office, private",NA,Somewhat dissatisfied,Somewhat satisfied,Somewhat satisfied,"Size of screens,Space for meeting with other people",NA,NA,NA,NA,NA,Need dual screens.   Need privacy sometimes,Very satisfied,Very satisfied,NA,NA,NA,Coffee area is clean,Satisfied,Satisfied,Satisfied,Satisfied,Satisfied,,,Yes,Yes,,Satisfied,Satisfied,Satisfied,Satisfied,Satisfied,Nice,Satisfied,Satisfied,NA,NA,Satisfied,NA,NA,Coffee is good,Very satisfied,Very satisfied,Very satisfied,Very satisfied,Very satisfied,Very satisfied,2,5,Very accommodating,Extremely healthy,Extremely healthy,Extremely healthy,Extremely healthy,Significantly enhances,Significantly enhances,Significantly enhances,Significantly enhances,Encourage movement,90,5,NA,NA,6,Satisfied,NA,Very satisfied,Very satisfied,Very satisfied,Strongly agree,Strongly agree,Strongly agree,Strongly agree,Strongly agree,Strongly agree,Strongly agree,Strongly agree,Slightly agree,Neither agree nor disagree,Disagree,Enhances,Satisfied,Satisfied,Long  survey
,,,,,3-6 months,11月20日,Staff,NA,30,Male,Very satisfied,NA,NA,NA,NA,NA,NA,Somewhat satisfied,Dissatisfied,"Incoming sun,My area is colder than other areas,Thermostat is inaccessible/adjusted by others",NA,Be warmer,NA,I don't want to building to waste energy cooling the office when it isn't necessary,Satisfied,Satisfied,Neither satisfied nor dissatisfied,Somewhat dissatisfied,Not sure,Too much glare within the space,NA,NA,Neither satisfied nor dissatisfied,Somewhat satisfied,NA,NA,NA,Satisfied,Satisfied,Satisfied,NA,NA,NA,NA,Flexible or hot desking,NA,Dissatisfied,Neither satisfied nor dissatisfied,Somewhat satisfied,Amount of desk space,NA,NA,NA,NA,NA,I would like to have my own assigned desk.,Very satisfied,Very satisfied,NA,NA,NA,NA,Dissatisfied,Dissatisfied,Very satisfied,Very satisfied,Very satisfied,,,NA,Yes,,Neither satisfied nor dissatisfied,Neither satisfied nor dissatisfied,Satisfied,Satisfied,Satisfied,NA,Satisfied,Satisfied,NA,NA,Satisfied,NA,NA,NA,Satisfied,Satisfied,Satisfied,Satisfied,Satisfied,Satisfied,NA,NA,NA,Extremely healthy,Neither healthy nor unhealthy,Extremely healthy,Neither healthy nor unhealthy,Significantly enhances,Enhances,Neither enhances nor interferes,Enhances,NA,80,NA,10,NA,10,Satisfied,NA,Somewhat satisfied,Somewhat satisfied,Satisfied,Agree,Agree,Agree,Agree,Disagree,Neither agree nor disagree,Agree,Slightly disagree,Neither agree nor disagree,Agree,Slightly agree,Enhances,Satisfied,Satisfied,NA
,,,,,2-3 years,41-50,Management,NA,25,Female,Somewhat satisfied,NA,NA,NA,NA,NA,NA,Satisfied,Satisfied,NA,NA,NA,NA,not being too hot or cold,Somewhat dissatisfied,Somewhat dissatisfied,Somewhat dissatisfied,Somewhat dissatisfied,Not sure,"Not enough daylight,I don't have enough control over the lighting,Reflections in the computer screen,Shadows on the workspace,Too much glare within the space",NA,NA,Very dissatisfied,Very dissatisfied,"People talking on the phone or video calls,People talking in neighboring areas,People overhearing my private conversations,Excessive echoing of voices or other sounds",NA,NA,Satisfied,Satisfied,Satisfied,NA,NA,NA,NA,Workspace in open office with no partitions (just desks),NA,Satisfied,Somewhat dissatisfied,Somewhat satisfied,NA,NA,"High density - not enough space between workstations,People can see/read my computer screen(s),My workstation is near a high-traffic or high-density area (e.g., kitchen, lounge),Too many people walking through my work area",NA,NA,NA,NA,Very satisfied,Very satisfied,NA,NA,NA,NA,Neither satisfied nor dissatisfied,Dissatisfied,Satisfied,Very satisfied,Very satisfied,,,Yes,Yes,,Not applicable,Not applicable,Neither satisfied nor dissatisfied,Neither satisfied nor dissatisfied,Neither satisfied nor dissatisfied,NA,Very satisfied,Very satisfied,NA,NA,Very satisfied,NA,NA,NA,Neither satisfied nor dissatisfied,Somewhat dissatisfied,Neither satisfied nor dissatisfied,Neither satisfied nor dissatisfied,Neither satisfied nor dissatisfied,Somewhat dissatisfied,0,3,NA,Healthy,Unhealthy,Healthy,Unhealthy,Neither enhances nor interferes,Somewhat interferes,Interferes,Neither enhances nor interferes,NA,60,10,15,NA,15,Somewhat dissatisfied,NA,Somewhat dissatisfied,Somewhat dissatisfied,Somewhat satisfied,Neither agree nor disagree,Neither agree nor disagree,Slightly agree,Slightly agree,Neither agree nor disagree,Neither agree nor disagree,Slightly disagree,Slightly disagree,Agree,Slightly agree,Agree,Neither enhances nor interferes,Neither satisfied nor dissatisfied,Satisfied,NA
,,,,,More than 3 years,10 or less,Executive,NA,56,Male,Very satisfied,NA,NA,NA,NA,NA,None to report.,Somewhat satisfied,Somewhat dissatisfied,Thermostat is inaccessible/adjusted by others,NA,Be cooler,Not change,Adjustability for the comfort of clients and guests.,Very satisfied,Very satisfied,Very satisfied,Very satisfied,Not sure,NA,NA,No issue,Very satisfied,Very satisfied,NA,NA,More availability.,Very satisfied,Very satisfied,Very satisfied,NA,NA,NA,No issues.,"Enclosed office, private",NA,Very satisfied,Very satisfied,Very satisfied,NA,NA,NA,NA,NA,NA,NA,Very satisfied,Very satisfied,NA,NA,NA,NA,Very satisfied,Not applicable,Very satisfied,Very satisfied,Very satisfied,,,Yes,Yes,,Not applicable,Not applicable,Very satisfied,Very satisfied,Not applicable,NA,Very satisfied,Very satisfied,NA,NA,Very satisfied,NA,NA,NA,Very satisfied,Very satisfied,Very satisfied,My workplace does not have this policy,Very satisfied,Very satisfied,0,7,NA,Healthy,Extremely healthy,Healthy,Extremely healthy,Enhances,Enhances,Enhances,Enhances,NA,6,3,1,0,0.5,Neither satisfied nor dissatisfied,NA,Satisfied,Satisfied,Somewhat satisfied,Agree,Agree,Agree,Agree,Slightly agree,Strongly agree,Agree,Strongly agree,Strongly agree,Slightly agree,Strongly agree,Enhances,Satisfied,Very satisfied,NA
,,,,,More than 3 years,11月20日,Executive,NA,43,Male,Satisfied,NA,NA,NA,NA,NA,"Indoor plants, natural light",Satisfied,Neither satisfied nor dissatisfied,NA,NA,NA,NA,uniform maintenance of ambient temperature as opposed to localized cooling or heating,Neither satisfied nor dissatisfied,Satisfied,Somewhat satisfied,Somewhat dissatisfied,No,"Not enough daylight,No task lighting,Reflections in the computer screen,Shadows on the workspace,Too much glare within the space",NA,NA,Somewhat satisfied,Neither satisfied nor dissatisfied,NA,NA,NA,Satisfied,Satisfied,Satisfied,NA,NA,NA,More standing desks,Flexible or hot desking,NA,Satisfied,Satisfied,Satisfied,NA,NA,NA,NA,NA,NA,standing desks and open offices with ability to move around and collaborate easily,Very satisfied,Very satisfied,NA,NA,NA,clutter free environment,Neither satisfied nor dissatisfied,Very satisfied,Very satisfied,Very satisfied,Very satisfied,,,Yes,Yes,,Very satisfied,Very satisfied,Very satisfied,Very satisfied,Very satisfied,NA,Very satisfied,Very satisfied,NA,NA,Somewhat satisfied,NA,NA,More vegetarian and vegan options that are focused on balanced diet.,Satisfied,My workplace does not have this policy,Satisfied,Neither satisfied nor dissatisfied,Neither satisfied nor dissatisfied,Satisfied,1,5,NA,Neither healthy nor unhealthy,Healthy,Neither healthy nor unhealthy,Healthy,Enhances,Enhances,Enhances,Enhances,NA,50,35,10,0,5,Somewhat satisfied,NA,Satisfied,Satisfied,Satisfied,Agree,Agree,Agree,Agree,Agree,Slightly agree,Agree,Agree,Strongly agree,Slightly agree,Strongly agree,Significantly enhances,Satisfied,Very satisfied,NA
,,,,,7-12 months,21-30,Staff,NA,31,Female,Neither satisfied nor dissatisfied,NA,NA,NA,NA,NA,n/a,Somewhat dissatisfied,Somewhat dissatisfied,Other,sometimes a bit cold,Be warmer,Not change,I do not want to have to work in the cold,Somewhat dissatisfied,Very satisfied,Satisfied,Very dissatisfied,No,Not enough electric lighting,NA,I need the lighting to reflect well on camera,Neither satisfied nor dissatisfied,Somewhat dissatisfied,"People talking on the phone or video calls,People talking in neighboring areas,People overhearing my private conversations",NA,It is important that there is not too much office noise from other people in my area,Very satisfied,Very satisfied,Very satisfied,NA,NA,NA,Availability of technology and stationary,Flexible or hot desking,NA,Very satisfied,Very satisfied,Satisfied,NA,NA,NA,NA,NA,NA,Access to bathroom and kitchen facilities,Very satisfied,Very satisfied,NA,NA,NA,Quick tech support,Satisfied,Not applicable,Very satisfied,Very satisfied,Very satisfied,,,Yes,Yes,,Neither satisfied nor dissatisfied,Somewhat dissatisfied,Very satisfied,Very dissatisfied,Somewhat satisfied,mediation room,Very satisfied,Very satisfied,NA,NA,Dissatisfied,"Lack of options in my building,The price of available food options",NA,NA,Somewhat satisfied,Very dissatisfied,Satisfied,Very dissatisfied,Very dissatisfied,Very dissatisfied,0,3,NA,Unhealthy,Neither healthy nor unhealthy,Extremely unhealthy,Neither healthy nor unhealthy,Somewhat enhances,Somewhat enhances,Somewhat enhances,Somewhat enhances,Finishing work on time to go to the gym,100,NA,NA,NA,NA,Very dissatisfied,NA,Neither satisfied nor dissatisfied,Neither satisfied nor dissatisfied,Neither satisfied nor dissatisfied,Agree,Agree,Agree,Agree,Agree,Slightly agree,Agree,Agree,Agree,Disagree,Neither agree nor disagree,Somewhat enhances,Somewhat satisfied,Somewhat satisfied,One of the big challenges is that there is not enough meeting space in the office.
,,,,,More than 3 years,41-50,Other,Lead position of a project support team,32,Male,Neither satisfied nor dissatisfied,NA,NA,NA,NA,NA,NA,Somewhat satisfied,Somewhat dissatisfied,Thermostat is inaccessible/adjusted by others,NA,Be cooler,Not change,NA,Neither satisfied nor dissatisfied,Somewhat satisfied,Very satisfied,Neither satisfied nor dissatisfied,Not sure,NA,NA,NA,Somewhat satisfied,Dissatisfied,People talking in neighboring areas,NA,NA,Somewhat satisfied,Satisfied,Neither satisfied nor dissatisfied,NA,NA,NA,NA,Workspace in open office with no partitions (just desks),NA,Very satisfied,Dissatisfied,Somewhat satisfied,NA,NA,"People regularly look into my workspace,People can see/read my computer screen(s)",NA,NA,NA,NA,Satisfied,Satisfied,NA,NA,NA,NA,Somewhat satisfied,Neither satisfied nor dissatisfied,Somewhat satisfied,Somewhat satisfied,Somewhat satisfied,,,No,No,,Not applicable,Not applicable,Satisfied,Somewhat satisfied,Not applicable,NA,Dissatisfied,Somewhat dissatisfied,I dislike the taste,NA,Neither satisfied nor dissatisfied,NA,NA,NA,Very satisfied,My workplace does not have this policy,Very satisfied,Neither satisfied nor dissatisfied,Neither satisfied nor dissatisfied,Neither satisfied nor dissatisfied,0,3,NA,Unhealthy,Neither healthy nor unhealthy,Unhealthy,Neither healthy nor unhealthy,Somewhat interferes,Neither enhances nor interferes,Somewhat interferes,Interferes,NA,65,10,15,5,5,Neither satisfied nor dissatisfied,NA,Somewhat satisfied,Neither satisfied nor dissatisfied,Somewhat satisfied,Strongly disagree,Agree,Strongly disagree,Disagree,Strongly disagree,Disagree,Neither agree nor disagree,Slightly disagree,Slightly agree,Disagree,Agree,Neither enhances nor interferes,Somewhat satisfied,Somewhat satisfied,NA
,,,,,1-2 years,10 or less,Management,NA,NA,Male,Satisfied,NA,NA,NA,NA,NA,NA,Satisfied,Satisfied,NA,NA,NA,NA,NA,Satisfied,Satisfied,Satisfied,Satisfied,Not sure,NA,NA,NA,Satisfied,Dissatisfied,"People talking on the phone or video calls,People talking in neighboring areas,People overhearing my private conversations",NA,NA,Somewhat satisfied,Somewhat satisfied,Satisfied,NA,NA,NA,NA,Workspace in open office with no partitions (just desks),NA,Dissatisfied,Dissatisfied,Neither satisfied nor dissatisfied,"Amount of desk space,Size of screens,Number of screens,Available physical storage space",NA,"High density - not enough space between workstations,Partitions or walls between workstations are too low or transparent,People regularly look into my workspace,People can see/read my computer screen(s)",NA,NA,NA,NA,Very satisfied,Very satisfied,NA,NA,NA,NA,Not applicable,Not applicable,Satisfied,Very satisfied,Satisfied,,,NA,Yes,,Not applicable,Not applicable,Satisfied,Satisfied,Not applicable,NA,Dissatisfied,Satisfied,I dislike the taste,NA,Satisfied,NA,NA,NA,Very satisfied,Dissatisfied,Satisfied,Satisfied,Satisfied,Satisfied,0,7,NA,Neither healthy nor unhealthy,Unhealthy,Neither healthy nor unhealthy,Unhealthy,Neither enhances nor interferes,Neither enhances nor interferes,Neither enhances nor interferes,Neither enhances nor interferes,NA,90,NA,NA,NA,10,Dissatisfied,NA,Somewhat satisfied,Somewhat satisfied,Satisfied,Slightly agree,Slightly agree,Slightly agree,Slightly agree,Slightly agree,Slightly disagree,Disagree,Disagree,Neither agree nor disagree,Neither agree nor disagree,Strongly disagree,Enhances,Neither satisfied nor dissatisfied,Satisfied,NA
,,,,,Less than 3 months,21-30,Staff,NA,27,Female,Neither satisfied nor dissatisfied,NA,NA,NA,NA,NA,NA,Somewhat dissatisfied,Satisfied,My area is hotter than other areas,NA,Be cooler,Not change,NA,Very satisfied,Very satisfied,Very satisfied,Very satisfied,Not sure,NA,NA,NA,Very satisfied,Very satisfied,NA,NA,NA,Satisfied,Somewhat satisfied,Neither satisfied nor dissatisfied,NA,NA,NA,NA,Workspace in open office with no partitions (just desks),NA,Neither satisfied nor dissatisfied,Neither satisfied nor dissatisfied,Neither satisfied nor dissatisfied,NA,NA,NA,NA,NA,NA,NA,Satisfied,Satisfied,NA,NA,NA,NA,Somewhat dissatisfied,Somewhat dissatisfied,Dissatisfied,Somewhat dissatisfied,Somewhat satisfied,,,NA,NA,,Neither satisfied nor dissatisfied,Neither satisfied nor dissatisfied,Neither satisfied nor dissatisfied,Neither satisfied nor dissatisfied,Neither satisfied nor dissatisfied,NA,Satisfied,Satisfied,NA,NA,Satisfied,NA,NA,NA,Somewhat satisfied,Dissatisfied,Neither satisfied nor dissatisfied,Neither satisfied nor dissatisfied,Neither satisfied nor dissatisfied,Neither satisfied nor dissatisfied,0,13,NA,Neither healthy nor unhealthy,Neither healthy nor unhealthy,Neither healthy nor unhealthy,Neither healthy nor unhealthy,Neither enhances nor interferes,Neither enhances nor interferes,Somewhat enhances,Somewhat enhances,NA,75,15,5,0,5,Somewhat dissatisfied,NA,Somewhat satisfied,Somewhat satisfied,Somewhat satisfied,Neither agree nor disagree,Slightly disagree,Neither agree nor disagree,Neither agree nor disagree,Neither agree nor disagree,Neither agree nor disagree,Neither agree nor disagree,Neither agree nor disagree,Agree,Agree,Agree,Somewhat enhances,Somewhat satisfied,Satisfied,NA
,,,,,1-2 years,31-40,Administrative support,NA,40,Female,Somewhat dissatisfied,Minor problem,NA,NA,"Cleaning products,The air does not feel clean,There is not enough air movement in the space",NA,NA,Very dissatisfied,Very dissatisfied,"My area is colder than other areas,Thermostat is inaccessible/adjusted by others,Heating/cooling system does not respond quickly enough to the thermostat",NA,Be cooler,Be warmer,its no consistent,Neither satisfied nor dissatisfied,Very satisfied,Neither satisfied nor dissatisfied,Very satisfied,Not sure,NA,NA,NA,Satisfied,Very satisfied,NA,NA,more privacy,Very satisfied,Satisfied,Very satisfied,NA,NA,NA,"wall paint needs to be lighter , the darker color makes the space dark",Workspace in open office with no partitions (just desks),NA,Very dissatisfied,Very dissatisfied,Neither satisfied nor dissatisfied,"Available physical storage space,Space for meeting with other people",NA,"High density - not enough space between workstations,People regularly look into my workspace,People can see/read my computer screen(s),Too many people walking through my work area,People can easily see into my workspace through exterior windows,People can easily see into auxiliary workspaces (e.g., meeting rooms)",NA,NA,NA,not enough pricacy,Very satisfied,Dissatisfied,NA,NA,NA,C-suite and 67th floor have to be a priority.,Satisfied,Very satisfied,Very satisfied,Very satisfied,Very satisfied,,,Yes,Yes,,Very satisfied,Neither satisfied nor dissatisfied,Very satisfied,Very satisfied,Very satisfied,NA,Very satisfied,Very satisfied,NA,NA,Dissatisfied,Lack of options in my building,NA,buffet style would be better rather than pre-made sandwiches that do not taste good.,Dissatisfied,Dissatisfied,Very satisfied,Very satisfied,Very satisfied,Very satisfied,0,15,20 PTO days ( including vacation and sick leave is not enough when you are a parent.,Extremely healthy,Extremely healthy,Extremely healthy,Extremely healthy,Neither enhances nor interferes,Somewhat enhances,Somewhat enhances,Enhances,NA,30,70,100,90,20,Satisfied,NA,Satisfied,Satisfied,Very satisfied,Slightly agree,Agree,Agree,Agree,Slightly agree,Strongly agree,Agree,Strongly agree,Strongly agree,Strongly agree,Strongly agree,Enhances,Somewhat satisfied,Somewhat satisfied,we need more storage space.
,,,,,1-2 years,10 or less,Management,NA,NA,Female,Satisfied,NA,NA,NA,NA,NA,NA,Satisfied,Somewhat dissatisfied,Thermostat is inaccessible/adjusted by others,NA,Be cooler,Be warmer,Individual offices - control over temperature control.,Satisfied,Very satisfied,Very satisfied,Somewhat satisfied,Not sure,NA,NA,"Since it is not your workspace you are not allowed to personalize your WP seating since you have to reserve a room/WP area when you go in. You do not have a designated space that is yours. 
",Neither satisfied nor dissatisfied,Dissatisfied,"People talking on the phone or video calls,People talking in neighboring areas,People overhearing my private conversations",NA,"No privacy because you are so close to each other. You can view each others laptops, listen in on conversations and echos.",Satisfied,Satisfied,Satisfied,NA,NA,NA,"Chairs and desks are adjustable to be able to stand if needed. Ambiance color created for each floor, area is vibrant and enjoyable. 
",Other,Depends on which room/space I can reserve,Dissatisfied,Neither satisfied nor dissatisfied,Somewhat satisfied,"Available physical storage space,Space for meeting with other people",NA,NA,NA,NA,NA,"Not able to store samples, books, etc. for projects produced for creative services group.",Very satisfied,Very satisfied,NA,NA,NA,WP keeps each of the areas no matter what floor you are on very clean and organized.,Somewhat satisfied,Somewhat satisfied,Very satisfied,Very satisfied,Very satisfied,,,No,Yes,,Neither satisfied nor dissatisfied,Neither satisfied nor dissatisfied,Somewhat satisfied,Neither satisfied nor dissatisfied,Neither satisfied nor dissatisfied,See across the Hudson River,Satisfied,Satisfied,NA,NA,Satisfied,NA,NA,Snacks available throughout the day along with varieties for coffee/teas/water/beverages available throughout the day,Neither satisfied nor dissatisfied,Neither satisfied nor dissatisfied,Satisfied,Neither satisfied nor dissatisfied,Neither satisfied nor dissatisfied,Satisfied,NA,9,"Being able to take a lunch break is important and spend the time without having to RUSH or eat at your desk during a meeting. 
",Neither healthy nor unhealthy,Neither healthy nor unhealthy,Neither healthy nor unhealthy,Unhealthy,Neither enhances nor interferes,Neither enhances nor interferes,Somewhat interferes,Neither enhances nor interferes,NA,80,5,10,0,5,Neither satisfied nor dissatisfied,NA,Somewhat satisfied,Somewhat satisfied,Neither satisfied nor dissatisfied,Neither agree nor disagree,Neither agree nor disagree,Slightly agree,Neither agree nor disagree,Slightly disagree,Slightly agree,Agree,Strongly agree,Strongly agree,Neither agree nor disagree,Strongly agree,Neither enhances nor interferes,Very satisfied,Somewhat satisfied,"I enjoy my personal workplace tremendously. I am able to get a lot more work done than if I were to go into office. When in Office, if able to reserve a room space, I am more satisfied and production than sitting in Ann open space unless I can just pick one when I go in vs. having to reserve a space."
,,,,,1-2 years,10 or less,Staff,NA,26,Female,Neither satisfied nor dissatisfied,NA,NA,NA,NA,NA,NA,Somewhat dissatisfied,Somewhat dissatisfied,Drafts from windows or vents,NA,Not change,Not change,NA,Satisfied,Satisfied,Satisfied,Neither satisfied nor dissatisfied,Not sure,NA,NA,NA,Somewhat dissatisfied,Somewhat dissatisfied,"People talking on the phone or video calls,People talking in neighboring areas,People overhearing my private conversations,Electronic alerts (texts, emails, etc.),Office equipment noise",NA,NA,Dissatisfied,Dissatisfied,Satisfied,"Your chair,Your desk,The furniture in group meeting spaces",NA,NA,More standing desks in conference rooms or small meeting rooms. More monitors accessible across the floors and within floors,Other,Workspace in an open office with small partitions,Satisfied,Dissatisfied,Satisfied,NA,NA,"High density - not enough space between workstations,People regularly look into my workspace,People can see/read my computer screen(s),My workstation is near a high-traffic or high-density area (e.g., kitchen, lounge),Too many people walking through my work area,People can easily see into auxiliary workspaces (e.g., meeting rooms)",NA,NA,NA,NA,Very satisfied,Very satisfied,NA,NA,NA,NA,Somewhat dissatisfied,Somewhat dissatisfied,Satisfied,Very satisfied,Very satisfied,,,Yes,Yes,,Dissatisfied,Dissatisfied,Very satisfied,Very satisfied,Very satisfied,NA,Very satisfied,Very satisfied,NA,NA,Very satisfied,NA,NA,NA,Very satisfied,Neither satisfied nor dissatisfied,Very satisfied,Neither satisfied nor dissatisfied,Neither satisfied nor dissatisfied,Very satisfied,NA,15,NA,Unhealthy,Unhealthy,Unhealthy,Unhealthy,Interferes,Interferes,Interferes,Neither enhances nor interferes,Being in the office increases my anxiety and chronic pain. I prefer to work from home for this reason.,77,20,1,0,2,Dissatisfied,NA,Dissatisfied,Neither satisfied nor dissatisfied,Satisfied,Disagree,Disagree,Disagree,Disagree,Disagree,Disagree,Strongly agree,Strongly agree,Agree,Slightly disagree,Agree,Somewhat interferes,Satisfied,Neither satisfied nor dissatisfied,NA
,,,,,1-2 years,10 or less,Staff,NA,38,Male,Dissatisfied,A problem,A problem,A problem,The air does not feel clean,NA,You can smell dust,Somewhat dissatisfied,Dissatisfied,Heating/cooling system does not respond quickly enough to the thermostat,NA,Be cooler,Be cooler,Ac is too hot,Satisfied,Satisfied,Satisfied,Satisfied,Not sure,NA,NA,NA,Somewhat satisfied,Somewhat satisfied,NA,NA,NA,Neither satisfied nor dissatisfied,Neither satisfied nor dissatisfied,Neither satisfied nor dissatisfied,NA,NA,NA,Too old,"Enclosed office, shared with other people",NA,Neither satisfied nor dissatisfied,Neither satisfied nor dissatisfied,Neither satisfied nor dissatisfied,NA,NA,NA,NA,NA,NA,Not comfortable,Neither satisfied nor dissatisfied,Neither satisfied nor dissatisfied,NA,NA,NA,A lot of dust,Neither satisfied nor dissatisfied,Neither satisfied nor dissatisfied,Neither satisfied nor dissatisfied,Neither satisfied nor dissatisfied,Neither satisfied nor dissatisfied,,,No,No,,Neither satisfied nor dissatisfied,Neither satisfied nor dissatisfied,Neither satisfied nor dissatisfied,Neither satisfied nor dissatisfied,Neither satisfied nor dissatisfied,Morristown nj,Dissatisfied,Dissatisfied,I dislike the taste,NA,Somewhat dissatisfied,The price of available food options,NA,Too far and expensive,Somewhat dissatisfied,My workplace does not have this policy,Neither satisfied nor dissatisfied,Neither satisfied nor dissatisfied,Neither satisfied nor dissatisfied,Somewhat dissatisfied,0,17,We don__ have sick days_ that means we have to come sick to work or use vacation day for be sick at bed,Unhealthy,Unhealthy,Neither healthy nor unhealthy,Unhealthy,Neither enhances nor interferes,Neither enhances nor interferes,Neither enhances nor interferes,Somewhat interferes,Unstable hours and work places,40,60,0,NA,NA,Neither satisfied nor dissatisfied,NA,Neither satisfied nor dissatisfied,Neither satisfied nor dissatisfied,Neither satisfied nor dissatisfied,Slightly disagree,Slightly disagree,Disagree,Disagree,Agree,Slightly disagree,Slightly disagree,Disagree,Disagree,Strongly disagree,Disagree,Neither enhances nor interferes,Neither satisfied nor dissatisfied,Neither satisfied nor dissatisfied,NA
,,,,,1-2 years,11月20日,Executive,NA,NA,Female,Very dissatisfied,Major problem,Not a problem,Not a problem,"There is not enough air movement in the space,There is no ability to let in outdoor air",NA,Ability to change the temperature within enclosed spaces like closed-off meeting rooms,Somewhat dissatisfied,Dissatisfied,"Air movement too low,My area is hotter than other areas,My area is colder than other areas,Thermostat is inaccessible/adjusted by others",NA,Be warmer,Be cooler,N/A,Neither satisfied nor dissatisfied,Neither satisfied nor dissatisfied,Somewhat dissatisfied,Somewhat dissatisfied,Not sure,Too much glare within the space,NA,NA,Somewhat satisfied,Somewhat dissatisfied,"People talking on the phone or video calls,People overhearing my private conversations",NA,NA,Satisfied,Satisfied,Satisfied,NA,NA,NA,N/A,Flexible or hot desking,NA,Somewhat satisfied,Somewhat satisfied,Somewhat satisfied,NA,NA,NA,NA,NA,NA,N/A,Satisfied,Satisfied,NA,NA,NA,N/A,Somewhat dissatisfied,Somewhat dissatisfied,Somewhat satisfied,Satisfied,Satisfied,,,Yes,Yes,,Neither satisfied nor dissatisfied,Somewhat dissatisfied,Somewhat satisfied,Somewhat satisfied,Neither satisfied nor dissatisfied,NA,Very satisfied,Very satisfied,NA,NA,Satisfied,NA,NA,NA,Satisfied,My workplace does not have this policy,My workplace does not have this policy,Neither satisfied nor dissatisfied,Neither satisfied nor dissatisfied,Neither satisfied nor dissatisfied,1,10,NA,Healthy,Unhealthy,Unhealthy,Healthy,Somewhat interferes,Somewhat interferes,Somewhat interferes,Enhances,NA,80,18,NA,0,2,Somewhat dissatisfied,NA,Neither satisfied nor dissatisfied,Dissatisfied,Somewhat satisfied,Slightly agree,Slightly agree,Slightly agree,Neither agree nor disagree,Slightly disagree,Slightly agree,Agree,Neither agree nor disagree,Slightly agree,Agree,Slightly agree,Somewhat enhances,Somewhat dissatisfied,Satisfied,not having an assigned workspace in the office - and WFH is just getting more difficult
,,,,,7-12 months,41-50,Management,NA,28,Female,Very satisfied,NA,NA,NA,NA,NA,n/a,Very satisfied,Very satisfied,NA,NA,NA,NA,n/a,Very satisfied,Very satisfied,Very satisfied,Very satisfied,Yes,NA,NA,n/a,Very satisfied,Somewhat satisfied,NA,NA,n/a,Very satisfied,Very satisfied,Very satisfied,NA,NA,NA,n/a,Other,flexible,Very satisfied,Very satisfied,Very satisfied,NA,NA,NA,NA,NA,NA,n/a,Very satisfied,Very satisfied,NA,NA,NA,n/a,Very satisfied,Very satisfied,Very satisfied,Very satisfied,Very satisfied,,,Yes,Yes,,Very satisfied,Very satisfied,Very satisfied,Very satisfied,Very satisfied,n/a,Very satisfied,Very satisfied,NA,NA,Very satisfied,NA,NA,n/a,Very satisfied,Very satisfied,Very satisfied,Very satisfied,Very satisfied,Very satisfied,n/a,n/a,n/a,Extremely healthy,Extremely healthy,Extremely healthy,Extremely healthy,Significantly enhances,Significantly enhances,Significantly enhances,Significantly enhances,n/a,90,5,NA,NA,5,Very satisfied,n/a,Very satisfied,Very satisfied,Very satisfied,Strongly agree,Strongly agree,Strongly agree,Strongly agree,Strongly agree,Strongly agree,Strongly agree,Strongly agree,Strongly agree,Strongly agree,Strongly agree,Significantly enhances,Very satisfied,Very satisfied,n/a
,,,,,2-3 years,10 or less,C-level executive,NA,25,Female,Satisfied,NA,NA,NA,NA,NA,NA,Somewhat satisfied,Somewhat dissatisfied,Thermostat is inaccessible/adjusted by others,NA,Not change,Be warmer,NA,Satisfied,Satisfied,Satisfied,Somewhat satisfied,Not sure,NA,NA,"Sometimes, if I'm working late in the office, the lights will turn off on me. I understand that this is to encourage folks to leave, but it can get annoying, if I really have to be working late in the office.",Neither satisfied nor dissatisfied,Satisfied,NA,NA,NA,Satisfied,Satisfied,Neither satisfied nor dissatisfied,NA,NA,NA,NA,Flexible or hot desking,NA,Satisfied,Somewhat satisfied,Satisfied,NA,NA,NA,NA,NA,NA,NA,Very satisfied,Very satisfied,NA,NA,NA,NA,Dissatisfied,Dissatisfied,Satisfied,Satisfied,Satisfied,,,Yes,Yes,,Dissatisfied,Dissatisfied,Satisfied,Satisfied,Satisfied,NA,Satisfied,Satisfied,NA,NA,Somewhat satisfied,NA,NA,NA,Somewhat satisfied,Somewhat satisfied,Satisfied,Neither satisfied nor dissatisfied,Neither satisfied nor dissatisfied,Somewhat satisfied,8,25,NA,Healthy,Unhealthy,Neither healthy nor unhealthy,Extremely unhealthy,Neither enhances nor interferes,Neither enhances nor interferes,Neither enhances nor interferes,Neither enhances nor interferes,NA,90,0,1,NA,9,Somewhat dissatisfied,NA,Satisfied,Somewhat satisfied,Neither satisfied nor dissatisfied,Agree,Neither agree nor disagree,Slightly agree,Neither agree nor disagree,Disagree,Agree,Slightly disagree,Neither agree nor disagree,Neither agree nor disagree,Slightly disagree,Slightly agree,Neither enhances nor interferes,Somewhat satisfied,Satisfied,NA
,,,,,7-12 months,41-50,Management,NA,23,Male,Satisfied,NA,NA,NA,NA,NA,NA,Somewhat satisfied,Dissatisfied,"My area is colder than other areas,Thermostat is inaccessible/adjusted by others",NA,Be cooler,Be warmer,NA,Satisfied,Very satisfied,Somewhat satisfied,Satisfied,No,NA,NA,NA,Somewhat satisfied,Somewhat satisfied,NA,NA,NA,Satisfied,Very satisfied,Very satisfied,NA,NA,NA,NA,Flexible or hot desking,NA,Satisfied,Satisfied,Satisfied,NA,NA,NA,NA,NA,NA,NA,Satisfied,Satisfied,NA,NA,NA,NA,Neither satisfied nor dissatisfied,Neither satisfied nor dissatisfied,Very satisfied,Very satisfied,Very satisfied,,,Yes,Yes,,Satisfied,Satisfied,Satisfied,Satisfied,Satisfied,NA,Satisfied,Satisfied,NA,NA,Satisfied,NA,NA,NA,Satisfied,Satisfied,Satisfied,Neither satisfied nor dissatisfied,Neither satisfied nor dissatisfied,Satisfied,NA,NA,NA,Healthy,Healthy,Healthy,Healthy,Enhances,Enhances,Enhances,Enhances,NA,50,40,5,0,5,Satisfied,NA,Satisfied,Satisfied,Satisfied,Agree,Agree,Agree,Agree,Agree,Agree,Agree,Agree,Agree,Agree,Agree,Enhances,Satisfied,Satisfied,NA
,,,,,1-2 years,21-30,Staff,NA,NA,Male,Satisfied,NA,NA,NA,NA,NA,NA,Neither satisfied nor dissatisfied,Somewhat satisfied,NA,NA,NA,NA,NA,Somewhat satisfied,Satisfied,Satisfied,Satisfied,Yes,NA,NA,NA,Somewhat satisfied,Somewhat satisfied,NA,NA,NA,Very satisfied,Very satisfied,Very satisfied,NA,NA,NA,NA,Flexible or hot desking,NA,Somewhat satisfied,Somewhat satisfied,Somewhat satisfied,NA,NA,NA,NA,NA,NA,NA,Very satisfied,Very satisfied,NA,NA,NA,NA,Somewhat satisfied,Somewhat satisfied,Somewhat satisfied,Somewhat satisfied,Somewhat satisfied,,,Yes,Yes,,Satisfied,Satisfied,Satisfied,Satisfied,Satisfied,NA,Somewhat satisfied,Satisfied,NA,NA,Satisfied,NA,NA,NA,Somewhat satisfied,Somewhat dissatisfied,Satisfied,Satisfied,Satisfied,Satisfied,0,2,NA,Healthy,Unhealthy,Unhealthy,Unhealthy,Somewhat enhances,Somewhat enhances,Somewhat enhances,Somewhat enhances,NA,100,NA,NA,NA,NA,Somewhat satisfied,NA,Satisfied,Satisfied,Satisfied,Slightly agree,Slightly agree,Slightly disagree,Slightly disagree,Slightly disagree,Agree,Slightly agree,Agree,Agree,Agree,Agree,Enhances,Satisfied,Very satisfied,NA
,,,,,1-2 years,41-50,Administrative support,NA,28,Female,Very satisfied,NA,NA,NA,NA,NA,NA,Very satisfied,Satisfied,NA,NA,NA,NA,NA,Very satisfied,Very satisfied,Very satisfied,Neither satisfied nor dissatisfied,Not sure,NA,NA,NA,Very satisfied,Satisfied,NA,NA,NA,Very satisfied,Very satisfied,Somewhat satisfied,NA,NA,NA,NA,Workspace in open office with no partitions (just desks),NA,Very satisfied,Somewhat satisfied,Very satisfied,NA,NA,NA,NA,NA,NA,NA,Very satisfied,Very satisfied,NA,NA,NA,NA,Neither satisfied nor dissatisfied,Dissatisfied,Satisfied,Satisfied,Satisfied,,,Yes,Yes,,Somewhat satisfied,Somewhat satisfied,Very satisfied,Very satisfied,Very satisfied,NA,Very satisfied,Very satisfied,NA,NA,Somewhat satisfied,NA,NA,NA,Satisfied,My workplace does not have this policy,Very satisfied,Very satisfied,Very satisfied,Somewhat satisfied,0,0,NA,Extremely healthy,Healthy,Healthy,Healthy,Somewhat enhances,Enhances,Enhances,Enhances,NA,65,10,10,5,10,Dissatisfied,NA,Satisfied,Satisfied,Satisfied,Slightly agree,Agree,Agree,Slightly agree,Slightly agree,Slightly agree,Slightly agree,Neither agree nor disagree,Agree,Agree,Slightly disagree,Enhances,Satisfied,Very satisfied,NA
,,,,,1-2 years,31-40,Executive,NA,39,Male,Very satisfied,NA,NA,NA,NA,NA,It was impressively good during the bad Canadian wildfires.,Neither satisfied nor dissatisfied,Somewhat dissatisfied,"Incoming sun,My area is hotter than other areas,Thermostat is inaccessible/adjusted by others",NA,Be cooler,Be cooler,The sun makes some floors so incredibly hot during the business day. It seems people on the floor are either freezing or I am sweating.,Satisfied,Very satisfied,Neither satisfied nor dissatisfied,Somewhat dissatisfied,No,"Not enough electric lighting,Too much glare within the space",NA,We have to keep adjusting the shades hourly based on the sun.,Very satisfied,Satisfied,NA,NA,NA,Very satisfied,Very satisfied,Very satisfied,NA,NA,NA,"I would ask that we have more electric outlets at each workstation. When powering my laptop, client laptop, external monitor, I cannot charge my cell phone (Which uses USB-C).",Flexible or hot desking,NA,Neither satisfied nor dissatisfied,Somewhat satisfied,Very satisfied,NA,NA,NA,NA,NA,NA,I would appreciate more phone booths for quick confidential calls.,Very satisfied,Very satisfied,NA,NA,NA,NA,Very satisfied,Very satisfied,Very satisfied,Very satisfied,Very satisfied,,,Yes,Yes,,Not applicable,Not applicable,Very satisfied,Very satisfied,Not applicable,The break room for spontaneous discussion is REUQIRED! It is a great space.,Very satisfied,Very satisfied,NA,NA,Somewhat satisfied,NA,NA,I love the office snacks WITH NO ADDED SUGAR. It is hard to find snacks that don't have loads of sugar packed in them.,Very satisfied,My workplace does not have this policy,Very satisfied,My workplace does not have this policy,My workplace does not have this policy,Very dissatisfied,NA,5,The COVID policies were disastrous and destroyed our culture. Please NEVER implement policies like that again.,Extremely healthy,Extremely unhealthy,Extremely healthy,Extremely unhealthy,Enhances,Interferes,Significantly enhances,Interferes,"We work with difficult leaders and difficult clients. It is also frustrating when US people are competing with other geographies for our jobs, since the overall focus is to offshore as much as possible.",65,5,20,5,5,Dissatisfied,"I would like to get more opportunities to walk around during the day. Cell service & wifi in the elevators would help, so you can move about the area while on calls.",Satisfied,Satisfied,Very satisfied,Neither agree nor disagree,Slightly agree,Neither agree nor disagree,Neither agree nor disagree,Slightly disagree,Neither agree nor disagree,Strongly disagree,Slightly disagree,Strongly agree,Neither agree nor disagree,Strongly agree,Significantly enhances,Satisfied,Very satisfied,"The NYC Office is amazing. They did everything right when they created it. NOW WE JUST NEED TO GET OTHERS, SUCH AS CL8 TO CL2 to actually come in regularly."
,,,,,1-2 years,31-40,Staff,NA,34,Male,Satisfied,NA,NA,NA,NA,NA,NA,Satisfied,Somewhat dissatisfied,Thermostat is inaccessible/adjusted by others,NA,Not change,Be warmer,NA,Satisfied,Satisfied,Satisfied,Satisfied,Not sure,NA,NA,NA,Satisfied,Somewhat dissatisfied,"People talking on the phone or video calls,People overhearing my private conversations",NA,NA,Very satisfied,Very satisfied,Very satisfied,NA,NA,NA,NA,Flexible or hot desking,NA,Somewhat satisfied,Somewhat satisfied,Satisfied,NA,NA,NA,NA,NA,NA,NA,Very satisfied,Very satisfied,NA,NA,NA,NA,Neither satisfied nor dissatisfied,Dissatisfied,Satisfied,Very satisfied,Very satisfied,,,NA,Yes,,Neither satisfied nor dissatisfied,Dissatisfied,Satisfied,Neither satisfied nor dissatisfied,Neither satisfied nor dissatisfied,NA,Very satisfied,Very satisfied,NA,NA,Satisfied,NA,NA,NA,Very dissatisfied,Very dissatisfied,Somewhat satisfied,Somewhat dissatisfied,Somewhat dissatisfied,Somewhat satisfied,0,5,NA,Neither healthy nor unhealthy,Unhealthy,Neither healthy nor unhealthy,Neither healthy nor unhealthy,Somewhat enhances,Somewhat enhances,Somewhat enhances,Somewhat enhances,NA,75,10,5,0,15,Somewhat satisfied,NA,Somewhat satisfied,Somewhat satisfied,Somewhat satisfied,Neither agree nor disagree,Slightly agree,Neither agree nor disagree,Neither agree nor disagree,Slightly disagree,Neither agree nor disagree,Disagree,Disagree,Neither agree nor disagree,Agree,Neither agree nor disagree,Somewhat enhances,Satisfied,Satisfied,NA
,,,,,Less than 3 months,31-40,Other,ANALYST,23,Male,Satisfied,NA,NA,NA,NA,NA,NA,Satisfied,Satisfied,NA,NA,NA,NA,N/A,Satisfied,Satisfied,Satisfied,Satisfied,Not sure,NA,NA,n/a,Somewhat dissatisfied,Somewhat dissatisfied,"People talking on the phone or video calls,People talking in neighboring areas,Telephones ringing",NA,n/a,Satisfied,Satisfied,Satisfied,NA,NA,NA,n/a,Workspace in open office with no partitions (just desks),NA,Somewhat dissatisfied,Somewhat dissatisfied,Somewhat satisfied,"Amount of desk space,Number of screens,Available physical storage space",NA,"High density - not enough space between workstations,People can see/read my computer screen(s)",NA,NA,NA,n/a,Satisfied,Satisfied,NA,NA,NA,NA,Satisfied,Satisfied,Satisfied,Satisfied,Satisfied,,,No,Yes,,Satisfied,Satisfied,Satisfied,Satisfied,Satisfied,NA,Satisfied,Satisfied,NA,NA,Satisfied,NA,NA,NA,Satisfied,Satisfied,Satisfied,Satisfied,Satisfied,Satisfied,0,0,NA,Healthy,Healthy,Healthy,Healthy,Enhances,Enhances,Enhances,Enhances,NA,6,1,0,0,1,Very dissatisfied,NA,Satisfied,Satisfied,Satisfied,Disagree,Neither agree nor disagree,Neither agree nor disagree,Slightly agree,Disagree,Neither agree nor disagree,Strongly disagree,Disagree,Disagree,Agree,Agree,Enhances,Satisfied,Satisfied,NA
,,,,,Less than 3 months,10 or less,Administrative support,NA,NA,Female,Very satisfied,NA,NA,NA,NA,NA,NA,Satisfied,Satisfied,NA,NA,NA,NA,NA,Very satisfied,Very satisfied,Very satisfied,Very satisfied,Not sure,NA,NA,NA,Very satisfied,Very satisfied,NA,NA,NA,Very satisfied,Very satisfied,Very satisfied,NA,NA,NA,NA,Workspace in open office with no partitions (just desks),NA,Very satisfied,Satisfied,Very satisfied,NA,NA,NA,NA,NA,NA,I like that it's open layout but there are also enclosed spaces when needed,Very satisfied,Very satisfied,NA,NA,NA,NA,Satisfied,Very satisfied,Very satisfied,Very satisfied,Very satisfied,,,Yes,Yes,,Somewhat satisfied,Somewhat satisfied,Very satisfied,Very satisfied,Very satisfied,NA,Very satisfied,Very satisfied,NA,NA,Very satisfied,NA,NA,The snack bar and the internal bodega are a terrific additions,Satisfied,Somewhat satisfied,Very satisfied,Very satisfied,Very satisfied,Neither satisfied nor dissatisfied,0,0,Mental health,Neither healthy nor unhealthy,Extremely healthy,Neither healthy nor unhealthy,Extremely healthy,Significantly enhances,Neither enhances nor interferes,Neither enhances nor interferes,Somewhat enhances,NA,90,5,NA,0,5,Somewhat dissatisfied,NA,Very satisfied,Very satisfied,Very satisfied,Agree,Agree,Agree,Agree,Agree,Agree,Agree,Agree,Agree,Strongly agree,Strongly agree,Significantly enhances,Very satisfied,Very satisfied,NA
,,,,,3-6 months,11月20日,Management,NA,25,Male,Very satisfied,NA,NA,NA,NA,NA,NA,Very satisfied,Neither satisfied nor dissatisfied,NA,NA,NA,NA,NA,Very satisfied,Very satisfied,Very satisfied,Neither satisfied nor dissatisfied,Not sure,NA,NA,NA,Very satisfied,Very satisfied,NA,NA,NA,Very satisfied,Very satisfied,Very satisfied,NA,NA,NA,NA,Workspace in open office with no partitions (just desks),NA,Very satisfied,Very satisfied,Very satisfied,NA,NA,NA,NA,NA,NA,NA,Very satisfied,Very satisfied,NA,NA,NA,NA,Very satisfied,Very satisfied,Very satisfied,Very satisfied,Very satisfied,,,Yes,Yes,,Very satisfied,Very satisfied,Very satisfied,Very satisfied,Very satisfied,NA,Very satisfied,Very satisfied,NA,NA,Very satisfied,NA,NA,NA,Somewhat dissatisfied,Satisfied,Very satisfied,Neither satisfied nor dissatisfied,Neither satisfied nor dissatisfied,Satisfied,3,3,NA,Unhealthy,Unhealthy,Unhealthy,Unhealthy,Neither enhances nor interferes,Significantly enhances,Neither enhances nor interferes,Significantly enhances,NA,80,10,5,0,5,Very dissatisfied,NA,Very satisfied,Very satisfied,Very satisfied,Agree,Slightly agree,Strongly agree,Agree,Strongly agree,Strongly agree,Agree,Slightly agree,Strongly agree,Slightly disagree,Strongly agree,Enhances,Very satisfied,Very satisfied,NA
,,,,,1-2 years,10 or less,Management,NA,28,Male,Very satisfied,NA,NA,NA,NA,NA,NA,Neither satisfied nor dissatisfied,Somewhat dissatisfied,"Air movement too low,Thermostat is inaccessible/adjusted by others,Heating/cooling system does not respond quickly enough to the thermostat",NA,Not change,Not change,NA,Very satisfied,Very satisfied,Very satisfied,Very satisfied,Not sure,NA,NA,NA,Satisfied,Neither satisfied nor dissatisfied,NA,NA,NA,Very satisfied,Very satisfied,Very satisfied,NA,NA,NA,NA,Flexible or hot desking,NA,Satisfied,Somewhat dissatisfied,Very satisfied,NA,NA,"People can see/read my computer screen(s),People can easily see into auxiliary workspaces (e.g., meeting rooms)",NA,NA,NA,NA,Very satisfied,Very satisfied,NA,NA,NA,NA,Somewhat satisfied,Neither satisfied nor dissatisfied,Very satisfied,Very satisfied,Very satisfied,,,Yes,Yes,,Not applicable,Not applicable,Satisfied,Satisfied,Satisfied,NA,Very satisfied,Very satisfied,NA,NA,Very satisfied,NA,NA,NA,Very satisfied,My workplace does not have this policy,Very satisfied,Satisfied,Somewhat dissatisfied,Satisfied,NA,5,NA,Extremely healthy,Neither healthy nor unhealthy,Extremely healthy,Unhealthy,Neither enhances nor interferes,Neither enhances nor interferes,Neither enhances nor interferes,Neither enhances nor interferes,NA,80,5,0,0,15,Satisfied,NA,Very satisfied,Very satisfied,Very satisfied,Agree,Strongly agree,Strongly agree,Strongly agree,Agree,Neither agree nor disagree,Agree,Slightly disagree,Agree,Strongly agree,Strongly agree,Enhances,Satisfied,Very satisfied,NA
,,,,,More than 3 years,41-50,Administrative support,NA,52,Female,Very satisfied,NA,NA,NA,NA,NA,Everything is sanitized and clean at all times that gives a sense of freeness in a daily basis,Very satisfied,Satisfied,NA,NA,NA,NA,There has never been a need to ask for an alteration of the temperature,Very satisfied,Very satisfied,Very satisfied,Very satisfied,Not sure,NA,NA,Everything is lighten up to everyones needs,Satisfied,Very satisfied,NA,NA,Phone booths are available at all times. When there is need for discretion there is always the ability to use a phone room,Very satisfied,Very satisfied,Very satisfied,NA,NA,NA,Furniture aren't too heavy so adjusting the space isn't hard,Other,I don't have an office,Very satisfied,Satisfied,Satisfied,NA,NA,NA,NA,NA,NA,N/A,Very satisfied,Very satisfied,NA,NA,NA,Workplace operations are on top of everything,Not applicable,Not applicable,Somewhat satisfied,Somewhat satisfied,Satisfied,,,Yes,Yes,,Not applicable,Not applicable,Very satisfied,Very satisfied,Very satisfied,N/A,Very satisfied,Very satisfied,NA,NA,Very satisfied,NA,NA,All good,Neither satisfied nor dissatisfied,Somewhat dissatisfied,Very satisfied,Very satisfied,Very satisfied,Neither satisfied nor dissatisfied,1,0,Having to use your PTO to take a sick day feels injustice. Also when the office is closed for Xmas vacation why should I use my PTO? I wouldn't mind working if the office is open but I do mind relocating for few days so I won't use PTO.,Neither healthy nor unhealthy,Neither healthy nor unhealthy,Healthy,Neither healthy nor unhealthy,Neither enhances nor interferes,Significantly enhances,Somewhat enhances,Enhances,I believe in work therapy. I do enjoy working even though it takes me more than an hour to come to work. As a cancer survivor it is challenging some times with the physical aspects of my position.,0,5,40,50,5,Neither satisfied nor dissatisfied,As I mentioned I am a cancer survivor that had to go through a major surgery. Heavy lifting is excluded by my doctors but I am satisfied with the overall help I am getting by my team,Somewhat satisfied,Satisfied,Satisfied,Slightly disagree,Neither agree nor disagree,Neither agree nor disagree,Agree,Slightly agree,Agree,Strongly agree,Agree,Strongly agree,Agree,Strongly agree,Significantly enhances,Satisfied,Satisfied,N/A
,,,,,3-6 months,41-50,Staff,NA,33,Female,Neither satisfied nor dissatisfied,NA,NA,NA,NA,NA,NA,Somewhat satisfied,Somewhat satisfied,NA,NA,NA,NA,I appreciate the quick work our facilities team does to ensure all are comfortable.,Somewhat satisfied,Somewhat satisfied,Somewhat dissatisfied,Somewhat satisfied,Not sure,"Reflections in the computer screen,Too much glare within the space",NA,so much glare!,Neither satisfied nor dissatisfied,Neither satisfied nor dissatisfied,NA,NA,NA,Somewhat dissatisfied,Neither satisfied nor dissatisfied,Neither satisfied nor dissatisfied,Your chair,NA,NA,wish they were more modular and/or ergo,Flexible or hot desking,NA,Somewhat satisfied,Neither satisfied nor dissatisfied,Satisfied,NA,NA,NA,NA,NA,NA,I enjoy the layout,Very satisfied,Very satisfied,NA,NA,NA,our Facilities team is the best in the world,Somewhat dissatisfied,Very dissatisfied,Somewhat satisfied,Satisfied,Satisfied,,,Yes,Yes,,Neither satisfied nor dissatisfied,Neither satisfied nor dissatisfied,Satisfied,Satisfied,Neither satisfied nor dissatisfied,NA,Satisfied,Satisfied,NA,NA,Neither satisfied nor dissatisfied,NA,NA,i love our sparkling water tap,Somewhat dissatisfied,Somewhat dissatisfied,Satisfied,Neither satisfied nor dissatisfied,Neither satisfied nor dissatisfied,Somewhat dissatisfied,0,2,NA,Healthy,Healthy,Healthy,Healthy,Somewhat interferes,Somewhat interferes,Somewhat interferes,Somewhat interferes,NA,50,25,10,5,10,Somewhat dissatisfied,NA,Neither satisfied nor dissatisfied,Somewhat dissatisfied,Satisfied,Neither agree nor disagree,Neither agree nor disagree,Slightly agree,Neither agree nor disagree,Slightly disagree,Neither agree nor disagree,Slightly agree,Slightly agree,Agree,Slightly agree,Slightly agree,Somewhat enhances,Somewhat satisfied,Somewhat satisfied,NA
,,,,,More than 3 years,31-40,Administrative support,NA,50,Female,Somewhat satisfied,NA,NA,NA,NA,NA,No smells,Satisfied,Neither satisfied nor dissatisfied,NA,NA,NA,NA,Warm in winter.  Cool in summer.,Somewhat dissatisfied,Somewhat dissatisfied,Neither satisfied nor dissatisfied,Somewhat dissatisfied,Yes,Not enough daylight,NA,none,Neither satisfied nor dissatisfied,Very dissatisfied,"People talking on the phone or video calls,People talking in neighboring areas,People overhearing my private conversations",NA,none,Neither satisfied nor dissatisfied,Neither satisfied nor dissatisfied,Neither satisfied nor dissatisfied,NA,NA,NA,none,Cubicle with low partitions,NA,Somewhat dissatisfied,Somewhat dissatisfied,Satisfied,Other,NA,"Partitions or walls between workstations are too low or transparent,People regularly look into my workspace,People can see/read my computer screen(s)",NA,NA,NA,"Prefer higher walls and maybe a door.
",Neither satisfied nor dissatisfied,Neither satisfied nor dissatisfied,NA,NA,NA,"none
",Dissatisfied,Dissatisfied,Very dissatisfied,Very dissatisfied,Very dissatisfied,,,No,No,,Not applicable,Not applicable,Not applicable,Not applicable,Not applicable,"I am located at a client site in NJ.  We are in pods with low walls, no windows and nowhere nice to walk around or to even sit outside at lunchtime.",Somewhat dissatisfied,Neither satisfied nor dissatisfied,Other,NA,Neither satisfied nor dissatisfied,NA,NA,NA,Satisfied,Satisfied,Satisfied,Satisfied,Satisfied,Satisfied,0,5,NA,Healthy,Healthy,Neither healthy nor unhealthy,Healthy,Neither enhances nor interferes,Enhances,Enhances,Enhances,NA,70,10,5,0,15,Somewhat dissatisfied,NA,Neither satisfied nor dissatisfied,Neither satisfied nor dissatisfied,Somewhat satisfied,Slightly agree,Neither agree nor disagree,Slightly agree,Slightly agree,Slightly disagree,Neither agree nor disagree,Slightly agree,Slightly agree,Agree,Agree,Strongly agree,Somewhat enhances,Neither satisfied nor dissatisfied,Somewhat dissatisfied,NA
,,,,,2-3 years,41-50,Administrative support,NA,54,Male,Very satisfied,NA,NA,NA,NA,NA,Since I suffer from bad allergies I keep an air purifier on my desk which helps.,Very satisfied,Neither satisfied nor dissatisfied,NA,NA,NA,NA,The temperature is usually fine but if we need it adjusted the facilities team takes care of that right away.,Very satisfied,Dissatisfied,Very satisfied,Neither satisfied nor dissatisfied,Not sure,Not enough daylight,NA,No windows in my work space. Other than that the lighting is fine.,Very satisfied,Very satisfied,NA,NA,Silence is golden when working on a project.,Very satisfied,Very satisfied,Very satisfied,NA,NA,NA,Office is fine.,"Enclosed office, shared with other people",NA,Very satisfied,Very satisfied,Very satisfied,NA,NA,NA,NA,NA,NA,It's nice to have the privacy that I do have in my work space.,Somewhat satisfied,Very satisfied,NA,NA,NA,"It seems that people aren't very concerned with others, especially in shared spaces such as the kitchen and restrooms.",Very satisfied,Very satisfied,Neither satisfied nor dissatisfied,Neither satisfied nor dissatisfied,Very satisfied,,,Yes,No,,Very satisfied,Very satisfied,Very satisfied,Very satisfied,Very satisfied,Everything is easily accessed.,Very satisfied,Very satisfied,NA,NA,Somewhat satisfied,NA,NA,The water is filtered the snacks supplied are healthy and plentiful.,Satisfied,Satisfied,Very satisfied,Neither satisfied nor dissatisfied,Neither satisfied nor dissatisfied,Very satisfied,1,5,NA,Healthy,Extremely healthy,Healthy,Extremely healthy,Enhances,Significantly enhances,Significantly enhances,Significantly enhances,I have a great team and an incredible people lead so that definitely benefits my  overall health picture.,20,10,50,10,10,Very satisfied,I definitely get my daily steps in every day.,Very satisfied,Very satisfied,Very satisfied,Agree,Agree,Strongly agree,Agree,Agree,Strongly agree,Strongly agree,Strongly agree,Strongly agree,Strongly agree,Strongly agree,Significantly enhances,Very satisfied,Very satisfied,NA
,,,,,1-2 years,21-30,Management,NA,37,Female,Very satisfied,NA,NA,NA,NA,NA,NA,Somewhat satisfied,Somewhat satisfied,NA,NA,NA,NA,NA,Very satisfied,Very satisfied,Very satisfied,Very satisfied,Not sure,NA,NA,NA,Very satisfied,Very satisfied,NA,NA,NA,Satisfied,Satisfied,Very satisfied,NA,NA,NA,NA,Cubicle with low partitions,NA,Very satisfied,Satisfied,Satisfied,NA,NA,NA,NA,NA,NA,NA,Very satisfied,Very satisfied,NA,NA,NA,NA,Somewhat satisfied,Not applicable,Very satisfied,Very satisfied,Very satisfied,,,Yes,Yes,,Not applicable,Not applicable,Satisfied,Satisfied,Satisfied,NA,Very satisfied,Very satisfied,NA,NA,Satisfied,NA,NA,NA,Satisfied,Satisfied,Satisfied,Satisfied,Satisfied,Satisfied,1,8,NA,Healthy,Healthy,Healthy,Healthy,Neither enhances nor interferes,Neither enhances nor interferes,Neither enhances nor interferes,Somewhat enhances,NA,80,10,5,0,5,Dissatisfied,NA,Satisfied,Satisfied,Satisfied,Agree,Strongly agree,Agree,Strongly agree,Agree,Strongly agree,Slightly agree,Slightly agree,Slightly agree,Agree,Slightly agree,Enhances,Satisfied,Very satisfied,NA
,,,,,Less than 3 months,11月20日,Staff,NA,29,Female,Satisfied,NA,NA,NA,NA,NA,NA,Somewhat dissatisfied,Somewhat dissatisfied,My area is colder than other areas,NA,Not change,Not change,It would be nice if it was a little warmer in the office,Satisfied,Satisfied,Satisfied,Satisfied,Not sure,NA,NA,NA,Satisfied,Satisfied,NA,NA,NA,Satisfied,Satisfied,Satisfied,NA,NA,NA,NA,Flexible or hot desking,NA,Dissatisfied,Satisfied,Neither satisfied nor dissatisfied,"Amount of desk space,Available physical storage space",NA,NA,NA,NA,NA,The office has lockers but they are a little small and it would be nice if they were bigger and/or more centrally located (near the elevators).,Very satisfied,Very satisfied,NA,NA,NA,NA,Neither satisfied nor dissatisfied,Somewhat dissatisfied,Satisfied,Satisfied,Satisfied,,,Yes,Yes,,Somewhat dissatisfied,Somewhat dissatisfied,Satisfied,Satisfied,Very dissatisfied,It would be nice to be able to access the outdoors more easily,Very satisfied,Very satisfied,NA,NA,Neither satisfied nor dissatisfied,NA,NA,I think a greater supply of free fruits and vegetables would be beneficial for employees.,Satisfied,Neither satisfied nor dissatisfied,Neither satisfied nor dissatisfied,Satisfied,Neither satisfied nor dissatisfied,Somewhat satisfied,0,0,NA,Neither healthy nor unhealthy,Neither healthy nor unhealthy,Neither healthy nor unhealthy,Unhealthy,Enhances,Neither enhances nor interferes,Neither enhances nor interferes,Somewhat enhances,NA,80,NA,10,NA,15,Somewhat satisfied,NA,Neither satisfied nor dissatisfied,Neither satisfied nor dissatisfied,Neither satisfied nor dissatisfied,Disagree,Disagree,Disagree,Neither agree nor disagree,Disagree,Disagree,Neither agree nor disagree,Neither agree nor disagree,Disagree,Neither agree nor disagree,Slightly agree,Somewhat enhances,Neither satisfied nor dissatisfied,Satisfied,NA
,,,,,NA,NA,NA,NA,NA,NA,NA,NA,NA,NA,NA,NA,NA,NA,NA,NA,NA,NA,NA,NA,NA,NA,NA,NA,NA,NA,NA,NA,NA,NA,NA,NA,NA,NA,NA,NA,NA,NA,NA,NA,NA,NA,NA,NA,NA,NA,NA,NA,NA,NA,NA,NA,NA,NA,NA,NA,NA,NA,NA,NA,NA,NA,NA,,,NA,NA,,NA,NA,NA,NA,NA,NA,NA,NA,NA,NA,NA,NA,NA,NA,NA,NA,NA,NA,NA,NA,NA,NA,NA,NA,NA,NA,NA,NA,NA,NA,NA,NA,NA,NA,NA,NA,NA,NA,NA,NA,NA,NA,NA,NA,NA,NA,NA,NA,NA,NA,NA,NA,NA,NA,NA,NA,NA
,,,,,NA,NA,NA,NA,NA,NA,NA,NA,NA,NA,NA,NA,NA,NA,NA,NA,NA,NA,NA,NA,NA,NA,NA,NA,NA,NA,NA,NA,NA,NA,NA,NA,NA,NA,NA,NA,NA,NA,NA,NA,NA,NA,NA,NA,NA,NA,NA,NA,NA,NA,NA,NA,NA,NA,NA,NA,NA,NA,NA,NA,NA,NA,NA,,,NA,NA,,NA,NA,NA,NA,NA,NA,NA,NA,NA,NA,NA,NA,NA,NA,NA,NA,NA,NA,NA,NA,NA,NA,NA,NA,NA,NA,NA,NA,NA,NA,NA,NA,NA,NA,NA,NA,NA,NA,NA,NA,NA,NA,NA,NA,NA,NA,NA,NA,NA,NA,NA,NA,NA,NA,NA,NA,NA
,,,,,NA,NA,NA,NA,NA,NA,NA,NA,NA,NA,NA,NA,NA,NA,NA,NA,NA,NA,NA,NA,NA,NA,NA,NA,NA,NA,NA,NA,NA,NA,NA,NA,NA,NA,NA,NA,NA,NA,NA,NA,NA,NA,NA,NA,NA,NA,NA,NA,NA,NA,NA,NA,NA,NA,NA,NA,NA,NA,NA,NA,NA,NA,NA,,,NA,NA,,NA,NA,NA,NA,NA,NA,NA,NA,NA,NA,NA,NA,NA,NA,NA,NA,NA,NA,NA,NA,NA,NA,NA,NA,NA,NA,NA,NA,NA,NA,NA,NA,NA,NA,NA,NA,NA,NA,NA,NA,NA,NA,NA,NA,NA,NA,NA,NA,NA,NA,NA,NA,NA,NA,NA,NA,NA
,,,,,NA,NA,NA,NA,NA,NA,NA,NA,NA,NA,NA,NA,NA,NA,NA,NA,NA,NA,NA,NA,NA,NA,NA,NA,NA,NA,NA,NA,NA,NA,NA,NA,NA,NA,NA,NA,NA,NA,NA,NA,NA,NA,NA,NA,NA,NA,NA,NA,NA,NA,NA,NA,NA,NA,NA,NA,NA,NA,NA,NA,NA,NA,NA,,,NA,NA,,NA,NA,NA,NA,NA,NA,NA,NA,NA,NA,NA,NA,NA,NA,NA,NA,NA,NA,NA,NA,NA,NA,NA,NA,NA,NA,NA,NA,NA,NA,NA,NA,NA,NA,NA,NA,NA,NA,NA,NA,NA,NA,NA,NA,NA,NA,NA,NA,NA,NA,NA,NA,NA,NA,NA,NA,NA
,,,,,7-12 months,11月20日,Staff,NA,16,Male,Satisfied,NA,NA,NA,NA,NA,NA,Satisfied,Neither satisfied nor dissatisfied,NA,NA,NA,NA,NA,Very satisfied,Satisfied,Very satisfied,Somewhat satisfied,Not sure,NA,NA,NA,NA,NA,NA,NA,NA,NA,NA,NA,NA,NA,NA,NA,NA,NA,NA,NA,NA,NA,NA,NA,NA,NA,NA,NA,NA,NA,NA,NA,NA,NA,NA,NA,NA,NA,NA,,,NA,NA,,NA,NA,NA,NA,NA,NA,NA,NA,NA,NA,NA,NA,NA,NA,NA,NA,NA,NA,NA,NA,NA,NA,NA,NA,NA,NA,NA,NA,NA,NA,NA,NA,NA,NA,NA,NA,NA,NA,NA,NA,NA,NA,NA,NA,NA,NA,NA,NA,NA,NA,NA,NA,NA,NA,NA,NA,NA
,,,,,2-3 years,31-40,NA,NA,NA,NA,NA,NA,NA,NA,NA,NA,NA,NA,NA,NA,NA,NA,NA,NA,NA,NA,NA,NA,NA,NA,NA,NA,NA,NA,NA,NA,NA,NA,NA,NA,NA,NA,NA,NA,NA,NA,NA,NA,NA,NA,NA,NA,NA,NA,NA,NA,NA,NA,NA,NA,NA,NA,NA,NA,NA,NA,NA,,,NA,NA,,NA,NA,NA,NA,NA,NA,NA,NA,NA,NA,NA,NA,NA,NA,NA,NA,NA,NA,NA,NA,NA,NA,NA,NA,NA,NA,NA,NA,NA,NA,NA,NA,NA,NA,NA,NA,NA,NA,NA,NA,NA,NA,NA,NA,NA,NA,NA,NA,NA,NA,NA,NA,NA,NA,NA,NA,NA
,,,,,NA,NA,NA,NA,NA,NA,NA,NA,NA,NA,NA,NA,NA,NA,NA,NA,NA,NA,NA,NA,NA,NA,NA,NA,NA,NA,NA,NA,NA,NA,NA,NA,NA,NA,NA,NA,NA,NA,NA,NA,NA,NA,NA,NA,NA,NA,NA,NA,NA,NA,NA,NA,NA,NA,NA,NA,NA,NA,NA,NA,NA,NA,NA,,,NA,NA,,NA,NA,NA,NA,NA,NA,NA,NA,NA,NA,NA,NA,NA,NA,NA,NA,NA,NA,NA,NA,NA,NA,NA,NA,NA,NA,NA,NA,NA,NA,NA,NA,NA,NA,NA,NA,NA,NA,NA,NA,NA,NA,NA,NA,NA,NA,NA,NA,NA,NA,NA,NA,NA,NA,NA,NA,NA
,,,,,1-2 years,41-50,NA,NA,NA,NA,NA,NA,NA,NA,NA,NA,NA,NA,NA,NA,NA,NA,NA,NA,NA,NA,NA,NA,NA,NA,NA,NA,NA,NA,NA,NA,NA,NA,NA,NA,NA,NA,NA,NA,NA,NA,NA,NA,NA,NA,NA,NA,NA,NA,NA,NA,NA,NA,NA,NA,NA,NA,NA,NA,NA,NA,NA,,,NA,NA,,NA,NA,NA,NA,NA,NA,NA,NA,NA,NA,NA,NA,NA,NA,NA,NA,NA,NA,NA,NA,NA,NA,NA,NA,NA,NA,NA,NA,NA,NA,NA,NA,NA,NA,NA,NA,NA,NA,NA,NA,NA,NA,NA,NA,NA,NA,NA,NA,NA,NA,NA,NA,NA,NA,NA,NA,NA
,,,,,1-2 years,10 or less,Staff,NA,28,Female,Neither satisfied nor dissatisfied,NA,NA,NA,NA,NA,NA,Somewhat satisfied,Somewhat satisfied,NA,NA,NA,NA,NA,Neither satisfied nor dissatisfied,Neither satisfied nor dissatisfied,Neither satisfied nor dissatisfied,Neither satisfied nor dissatisfied,Not sure,NA,NA,NA,Neither satisfied nor dissatisfied,Neither satisfied nor dissatisfied,NA,NA,NA,Neither satisfied nor dissatisfied,Neither satisfied nor dissatisfied,Neither satisfied nor dissatisfied,NA,NA,NA,NA,Flexible or hot desking,NA,Neither satisfied nor dissatisfied,Neither satisfied nor dissatisfied,Neither satisfied nor dissatisfied,NA,NA,NA,NA,NA,NA,NA,NA,NA,NA,NA,NA,NA,NA,NA,NA,NA,NA,,,NA,NA,,NA,NA,NA,NA,NA,NA,NA,NA,NA,NA,NA,NA,NA,NA,NA,NA,NA,NA,NA,NA,NA,NA,NA,NA,NA,NA,NA,NA,NA,NA,NA,NA,NA,NA,NA,NA,NA,NA,NA,NA,NA,NA,NA,NA,NA,NA,NA,NA,NA,NA,NA,NA,NA,NA,NA,NA,NA
,,,,,2-3 years,41-50,Management,NA,NA,Male,Satisfied,NA,NA,NA,NA,NA,NA,NA,NA,NA,NA,NA,NA,NA,NA,NA,NA,NA,NA,NA,NA,NA,NA,NA,NA,NA,NA,NA,NA,NA,NA,NA,NA,NA,NA,NA,NA,NA,NA,NA,NA,NA,NA,NA,NA,NA,NA,NA,NA,NA,NA,NA,NA,NA,NA,NA,NA,,,NA,NA,,NA,NA,NA,NA,NA,NA,NA,NA,NA,NA,NA,NA,NA,NA,NA,NA,NA,NA,NA,NA,NA,NA,NA,NA,NA,NA,NA,NA,NA,NA,NA,NA,NA,NA,NA,NA,NA,NA,NA,NA,NA,NA,NA,NA,NA,NA,NA,NA,NA,NA,NA,NA,NA,NA,NA,NA,NA
,,,,,1-2 years,More than 50,Management,NA,NA,Female,Very satisfied,NA,NA,NA,NA,NA,NA,Very satisfied,Very satisfied,NA,NA,NA,NA,NA,Very satisfied,Very satisfied,Very satisfied,Very satisfied,Not sure,NA,NA,NA,Very satisfied,Very satisfied,NA,NA,NA,Very satisfied,Very satisfied,Very satisfied,NA,NA,NA,NA,Cubicles with high partitions,NA,Very satisfied,Very satisfied,Very satisfied,NA,NA,NA,NA,NA,NA,NA,Very satisfied,Very satisfied,NA,NA,NA,NA,Very satisfied,Very satisfied,Very satisfied,Very satisfied,Very satisfied,,,No,Yes,,Very satisfied,Very satisfied,Very satisfied,Very satisfied,Very satisfied,NA,Very satisfied,Very satisfied,NA,NA,Very satisfied,NA,NA,NA,NA,NA,NA,NA,NA,NA,NA,NA,NA,NA,NA,NA,NA,NA,NA,NA,NA,NA,NA,NA,NA,NA,NA,NA,NA,NA,NA,NA,NA,NA,NA,NA,NA,NA,NA,NA,NA,NA,NA,NA,NA,NA,NA
,,,,,More than 3 years,10 or less,Executive,NA,NA,Male,Very satisfied,NA,NA,NA,NA,NA,NA,Very satisfied,Very satisfied,NA,NA,NA,NA,NA,Very satisfied,Very satisfied,Satisfied,Satisfied,Yes,NA,NA,None,Satisfied,Satisfied,NA,NA,NA,Very satisfied,Very satisfied,Very satisfied,NA,NA,NA,NA,"Enclosed office, shared with other people",NA,Somewhat satisfied,Somewhat satisfied,Satisfied,NA,NA,NA,NA,NA,NA,NA,Very satisfied,Very satisfied,NA,NA,NA,NA,NA,NA,NA,NA,NA,,,NA,NA,,NA,NA,NA,NA,NA,NA,NA,NA,NA,NA,NA,NA,NA,NA,NA,NA,NA,NA,NA,NA,NA,NA,NA,NA,NA,NA,NA,NA,NA,NA,NA,NA,NA,NA,NA,NA,NA,NA,NA,NA,NA,NA,NA,NA,NA,NA,NA,NA,NA,NA,NA,NA,NA,NA,NA,NA,NA
,,,,,1-2 years,More than 50,Staff,NA,52,Female,Somewhat dissatisfied,A problem,Minor problem,Not a problem,"There is not enough air movement in the space,There is no ability to let in outdoor air",NA,NA,NA,NA,NA,NA,NA,NA,NA,NA,NA,NA,NA,NA,NA,NA,NA,NA,NA,NA,NA,NA,NA,NA,NA,NA,NA,NA,NA,NA,NA,NA,NA,NA,NA,NA,NA,NA,NA,NA,NA,NA,NA,NA,NA,NA,NA,NA,NA,NA,NA,NA,,,NA,NA,,NA,NA,NA,NA,NA,NA,NA,NA,NA,NA,NA,NA,NA,NA,NA,NA,NA,NA,NA,NA,NA,NA,NA,NA,NA,NA,NA,NA,NA,NA,NA,NA,NA,NA,NA,NA,NA,NA,NA,NA,NA,NA,NA,NA,NA,NA,NA,NA,NA,NA,NA,NA,NA,NA,NA,NA,NA
,,,,,7-12 months,31-40,Management,NA,23,Female,Very satisfied,NA,NA,NA,NA,NA,NA,Very satisfied,Very satisfied,NA,NA,NA,NA,NA,NA,NA,NA,NA,NA,NA,NA,NA,NA,NA,NA,NA,NA,NA,NA,NA,NA,NA,NA,NA,NA,NA,NA,NA,NA,NA,NA,NA,NA,NA,NA,NA,NA,NA,NA,NA,NA,NA,NA,NA,NA,NA,NA,,,NA,NA,,NA,NA,NA,NA,NA,NA,NA,NA,NA,NA,NA,NA,NA,NA,NA,NA,NA,NA,NA,NA,NA,NA,NA,NA,NA,NA,NA,NA,NA,NA,NA,NA,NA,NA,NA,NA,NA,NA,NA,NA,NA,NA,NA,NA,NA,NA,NA,NA,NA,NA,NA,NA,NA,NA,NA,NA,NA
,,,,,2-3 years,41-50,Management,NA,61,Male,Very satisfied,NA,NA,NA,NA,NA,NA,Very satisfied,Very satisfied,NA,NA,NA,NA,NA,Very satisfied,Very satisfied,Very satisfied,Very satisfied,Yes,NA,NA,NA,Very satisfied,Very satisfied,NA,NA,NA,Very satisfied,Very satisfied,Very satisfied,NA,NA,NA,NA,NA,NA,NA,NA,NA,NA,NA,NA,NA,NA,NA,NA,NA,NA,NA,NA,NA,NA,NA,NA,NA,NA,NA,,,NA,NA,,NA,NA,NA,NA,NA,NA,NA,NA,NA,NA,NA,NA,NA,NA,NA,NA,NA,NA,NA,NA,NA,NA,NA,NA,NA,NA,NA,NA,NA,NA,NA,NA,NA,NA,NA,NA,NA,NA,NA,NA,NA,NA,NA,NA,NA,NA,NA,NA,NA,NA,NA,NA,NA,NA,NA,NA,NA
,,,,,More than 3 years,More than 50,Other,NA,37,Male,Very satisfied,NA,NA,NA,NA,NA,NA,Very satisfied,Very satisfied,NA,NA,NA,NA,its all fine,Very satisfied,Very satisfied,Very satisfied,Very satisfied,Not sure,NA,NA,NA,Very satisfied,Very satisfied,NA,NA,NA,Very satisfied,Very satisfied,Very satisfied,NA,NA,NA,its all good,Other,NA,Very satisfied,Very satisfied,Very satisfied,NA,NA,NA,NA,NA,NA,its all great,Very satisfied,Very satisfied,NA,NA,NA,NA,Very satisfied,Very satisfied,Very satisfied,Very satisfied,Very satisfied,,,NA,NA,,NA,NA,NA,NA,NA,NA,NA,NA,NA,NA,NA,NA,NA,NA,NA,NA,NA,NA,NA,NA,NA,NA,NA,NA,NA,NA,NA,NA,NA,NA,NA,NA,NA,NA,NA,NA,NA,NA,NA,NA,NA,NA,NA,NA,NA,NA,NA,NA,NA,NA,NA,NA,NA,NA,NA,NA,NA
,,,,,7-12 months,11月20日,Staff,NA,32,Male,Satisfied,NA,NA,NA,NA,NA,Fresh air,Satisfied,Somewhat satisfied,NA,NA,NA,NA,NA,NA,NA,NA,NA,NA,NA,NA,NA,NA,NA,NA,NA,NA,NA,NA,NA,NA,NA,NA,NA,NA,NA,NA,NA,NA,NA,NA,NA,NA,NA,NA,NA,NA,NA,NA,NA,NA,NA,NA,NA,NA,NA,NA,,,NA,NA,,NA,NA,NA,NA,NA,NA,NA,NA,NA,NA,NA,NA,NA,NA,NA,NA,NA,NA,NA,NA,NA,NA,NA,NA,NA,NA,NA,NA,NA,NA,NA,NA,NA,NA,NA,NA,NA,NA,NA,NA,NA,NA,NA,NA,NA,NA,NA,NA,NA,NA,NA,NA,NA,NA,NA,NA,NA
,,,,,More than 3 years,21-30,Management,NA,NA,NA,NA,NA,NA,NA,NA,NA,NA,NA,NA,NA,NA,NA,NA,NA,NA,NA,NA,NA,NA,NA,NA,NA,NA,NA,NA,NA,NA,NA,NA,NA,NA,NA,NA,NA,NA,NA,NA,NA,NA,NA,NA,NA,NA,NA,NA,NA,NA,NA,NA,NA,NA,NA,NA,NA,NA,NA,NA,,,NA,NA,,NA,NA,NA,NA,NA,NA,NA,NA,NA,NA,NA,NA,NA,NA,NA,NA,NA,NA,NA,NA,NA,NA,NA,NA,NA,NA,NA,NA,NA,NA,NA,NA,NA,NA,NA,NA,NA,NA,NA,NA,NA,NA,NA,NA,NA,NA,NA,NA,NA,NA,NA,NA,NA,NA,NA,NA,NA
,,,,,2-3 years,10 or less,Management,NA,NA,NA,Neither satisfied nor dissatisfied,NA,NA,NA,NA,NA,NA,NA,NA,NA,NA,NA,NA,NA,NA,NA,NA,NA,NA,NA,NA,NA,NA,NA,NA,NA,NA,NA,NA,NA,NA,NA,NA,NA,NA,NA,NA,NA,NA,NA,NA,NA,NA,NA,NA,NA,NA,NA,NA,NA,NA,NA,NA,NA,NA,NA,NA,,,NA,NA,,NA,NA,NA,NA,NA,NA,NA,NA,NA,NA,NA,NA,NA,NA,NA,NA,NA,NA,NA,NA,NA,NA,NA,NA,NA,NA,NA,NA,NA,NA,NA,NA,NA,NA,NA,NA,NA,NA,NA,NA,NA,NA,NA,NA,NA,NA,NA,NA,NA,NA,NA,NA,NA,NA,NA,NA,NA
,,,,,1-2 years,31-40,Management,NA,25,Female,Very satisfied,NA,NA,NA,NA,NA,NA,NA,NA,NA,NA,NA,NA,NA,NA,NA,NA,NA,NA,NA,NA,NA,NA,NA,NA,NA,NA,NA,NA,NA,NA,NA,NA,NA,NA,NA,NA,NA,NA,NA,NA,NA,NA,NA,NA,NA,NA,NA,NA,NA,NA,NA,NA,NA,NA,NA,NA,,,NA,NA,,NA,NA,NA,NA,NA,NA,NA,NA,NA,NA,NA,NA,NA,NA,NA,NA,NA,NA,NA,NA,NA,NA,NA,NA,NA,NA,NA,NA,NA,NA,NA,NA,NA,NA,NA,NA,NA,NA,NA,NA,NA,NA,NA,NA,NA,NA,NA,NA,NA,NA,NA,NA,NA,NA,NA,NA,NA
,,,,,7-12 months,21-30,Staff,NA,32,Female,Very satisfied,NA,NA,NA,NA,NA,NA,Very satisfied,Dissatisfied,Thermostat is inaccessible/adjusted by others,NA,Not change,Not change,NA,Very satisfied,Somewhat satisfied,Neither satisfied nor dissatisfied,Very satisfied,Not sure,NA,NA,NA,Very satisfied,Neither satisfied nor dissatisfied,NA,NA,NA,Satisfied,Very satisfied,Very satisfied,NA,NA,NA,NA,NA,NA,NA,NA,NA,NA,NA,NA,NA,NA,NA,NA,NA,NA,NA,NA,NA,NA,NA,NA,NA,NA,NA,,,NA,NA,,NA,NA,NA,NA,NA,NA,NA,NA,NA,NA,NA,NA,NA,NA,NA,NA,NA,NA,NA,NA,NA,NA,NA,NA,NA,NA,NA,NA,NA,NA,NA,NA,NA,NA,NA,NA,NA,NA,NA,NA,NA,NA,NA,NA,NA,NA,NA,NA,NA,NA,NA,NA,NA,NA,NA,NA,NA
,,,,,7-12 months,41-50,Management,NA,23,Male,Somewhat satisfied,NA,NA,NA,NA,NA,Its quite stuffy,Satisfied,Somewhat satisfied,NA,NA,NA,NA,Sometimes its too chilly,Very satisfied,Very satisfied,Very satisfied,Dissatisfied,Not sure,NA,NA,NA,NA,NA,NA,NA,NA,NA,NA,NA,NA,NA,NA,NA,NA,NA,NA,NA,NA,NA,NA,NA,NA,NA,NA,NA,NA,NA,NA,NA,NA,NA,NA,NA,NA,NA,NA,,,NA,NA,,NA,NA,NA,NA,NA,NA,NA,NA,NA,NA,NA,NA,NA,NA,NA,NA,NA,NA,NA,NA,NA,NA,NA,NA,NA,NA,NA,NA,NA,NA,NA,NA,NA,NA,NA,NA,NA,NA,NA,NA,NA,NA,NA,NA,NA,NA,NA,NA,NA,NA,NA,NA,NA,NA,NA,NA,NA
,,,,,More than 3 years,More than 50,Management,NA,44,Female,Somewhat dissatisfied,Minor problem,Minor problem,Minor problem,"Outside scents (car exhaust, smog),The space smells musty/stale,There is not enough air movement in the space,There is no ability to let in outdoor air",NA,NA,Neither satisfied nor dissatisfied,Dissatisfied,Air movement too low,NA,Be cooler,Not change,NA,NA,NA,NA,NA,NA,NA,NA,NA,NA,NA,NA,NA,NA,NA,NA,NA,NA,NA,NA,NA,NA,NA,NA,NA,NA,NA,NA,NA,NA,NA,NA,NA,NA,NA,NA,NA,NA,NA,NA,NA,NA,NA,NA,,,NA,NA,,NA,NA,NA,NA,NA,NA,NA,NA,NA,NA,NA,NA,NA,NA,NA,NA,NA,NA,NA,NA,NA,NA,NA,NA,NA,NA,NA,NA,NA,NA,NA,NA,NA,NA,NA,NA,NA,NA,NA,NA,NA,NA,NA,NA,NA,NA,NA,NA,NA,NA,NA,NA,NA,NA,NA,NA,NA
,,,,,NA,NA,NA,NA,NA,NA,NA,NA,NA,NA,NA,NA,NA,NA,NA,NA,NA,NA,NA,NA,NA,NA,NA,NA,NA,NA,NA,NA,NA,NA,NA,NA,NA,NA,NA,NA,NA,NA,NA,NA,NA,NA,NA,NA,NA,NA,NA,NA,NA,NA,NA,NA,NA,NA,NA,NA,NA,NA,NA,NA,NA,NA,NA,,,NA,NA,,NA,NA,NA,NA,NA,NA,NA,NA,NA,NA,NA,NA,NA,NA,NA,NA,NA,NA,NA,NA,NA,NA,NA,NA,NA,NA,NA,NA,NA,NA,NA,NA,NA,NA,NA,NA,NA,NA,NA,NA,NA,NA,NA,NA,NA,NA,NA,NA,NA,NA,NA,NA,NA,NA,NA,NA,NA
,,,,,7-12 months,11月20日,Other,Business Analyst,73,Female,NA,NA,NA,NA,NA,NA,NA,NA,NA,NA,NA,NA,NA,NA,NA,NA,NA,NA,NA,NA,NA,NA,NA,NA,NA,NA,NA,NA,NA,NA,NA,NA,NA,NA,NA,NA,NA,NA,NA,NA,NA,NA,NA,NA,NA,NA,NA,NA,NA,NA,NA,NA,NA,NA,NA,NA,NA,,,NA,NA,,NA,NA,NA,NA,NA,NA,NA,NA,NA,NA,NA,NA,NA,NA,NA,NA,NA,NA,NA,NA,NA,NA,NA,NA,NA,NA,NA,NA,NA,NA,NA,NA,NA,NA,NA,NA,NA,NA,NA,NA,NA,NA,NA,NA,NA,NA,NA,NA,NA,NA,NA,NA,NA,NA,NA,NA,NA
,,,,,More than 3 years,More than 50,Management,NA,56,Female,Very satisfied,NA,NA,NA,NA,NA,NA,NA,NA,NA,NA,NA,NA,NA,NA,NA,NA,NA,NA,NA,NA,NA,NA,NA,NA,NA,NA,NA,NA,NA,NA,NA,NA,NA,NA,NA,NA,NA,NA,NA,NA,NA,NA,NA,NA,NA,NA,NA,NA,NA,NA,NA,NA,NA,NA,NA,NA,,,NA,NA,,NA,NA,NA,NA,NA,NA,NA,NA,NA,NA,NA,NA,NA,NA,NA,NA,NA,NA,NA,NA,NA,NA,NA,NA,NA,NA,NA,NA,NA,NA,NA,NA,NA,NA,NA,NA,NA,NA,NA,NA,NA,NA,NA,NA,NA,NA,NA,NA,NA,NA,NA,NA,NA,NA,NA,NA,NA
,,,,,1-2 years,10 or less,Staff,NA,45,Female,Satisfied,NA,NA,NA,NA,NA,NA,NA,NA,NA,NA,NA,NA,NA,NA,NA,NA,NA,NA,NA,NA,NA,NA,NA,NA,NA,NA,NA,NA,NA,NA,NA,NA,NA,NA,NA,NA,NA,NA,NA,NA,NA,NA,NA,NA,NA,NA,NA,NA,NA,NA,NA,NA,NA,NA,NA,NA,,,NA,NA,,NA,NA,NA,NA,NA,NA,NA,NA,NA,NA,NA,NA,NA,NA,NA,NA,NA,NA,NA,NA,NA,NA,NA,NA,NA,NA,NA,NA,NA,NA,NA,NA,NA,NA,NA,NA,NA,NA,NA,NA,NA,NA,NA,NA,NA,NA,NA,NA,NA,NA,NA,NA,NA,NA,NA,NA,NA
,,,,,NA,NA,NA,NA,NA,NA,NA,NA,NA,NA,NA,NA,NA,NA,NA,NA,NA,NA,NA,NA,NA,NA,NA,NA,NA,NA,NA,NA,NA,NA,NA,NA,NA,NA,NA,NA,NA,NA,NA,NA,NA,NA,NA,NA,NA,NA,NA,NA,NA,NA,NA,NA,NA,NA,NA,NA,NA,NA,NA,NA,NA,NA,NA,,,NA,NA,,NA,NA,NA,NA,NA,NA,NA,NA,NA,NA,NA,NA,NA,NA,NA,NA,NA,NA,NA,NA,NA,NA,NA,NA,NA,NA,NA,NA,NA,NA,NA,NA,NA,NA,NA,NA,NA,NA,NA,NA,NA,NA,NA,NA,NA,NA,NA,NA,NA,NA,NA,NA,NA,NA,NA,NA,NA
,,,,,1-2 years,10 or less,NA,NA,NA,NA,NA,NA,NA,NA,NA,NA,NA,NA,NA,NA,NA,NA,NA,NA,NA,NA,NA,NA,NA,NA,NA,NA,NA,NA,NA,NA,NA,NA,NA,NA,NA,NA,NA,NA,NA,NA,NA,NA,NA,NA,NA,NA,NA,NA,NA,NA,NA,NA,NA,NA,NA,NA,NA,NA,NA,NA,NA,,,NA,NA,,NA,NA,NA,NA,NA,NA,NA,NA,NA,NA,NA,NA,NA,NA,NA,NA,NA,NA,NA,NA,NA,NA,NA,NA,NA,NA,NA,NA,NA,NA,NA,NA,NA,NA,NA,NA,NA,NA,NA,NA,NA,NA,NA,NA,NA,NA,NA,NA,NA,NA,NA,NA,NA,NA,NA,NA,NA
,,,,,7-12 months,21-30,Management,NA,20,Female,Satisfied,NA,NA,NA,NA,NA,NA,Somewhat satisfied,Somewhat satisfied,NA,NA,NA,NA,NA,Satisfied,Satisfied,Satisfied,Satisfied,Not sure,NA,NA,NA,Satisfied,Satisfied,NA,NA,NA,Very satisfied,Very satisfied,Very satisfied,NA,NA,NA,NA,NA,NA,NA,NA,NA,NA,NA,NA,NA,NA,NA,NA,NA,NA,NA,NA,NA,NA,NA,NA,NA,NA,NA,,,NA,NA,,NA,NA,NA,NA,NA,NA,NA,NA,NA,NA,NA,NA,NA,NA,NA,NA,NA,NA,NA,NA,NA,NA,NA,NA,NA,NA,NA,NA,NA,NA,NA,NA,NA,NA,NA,NA,NA,NA,NA,NA,NA,NA,NA,NA,NA,NA,NA,NA,NA,NA,NA,NA,NA,NA,NA,NA,NA
,,,,,1-2 years,31-40,Management,NA,NA,NA,NA,NA,NA,NA,NA,NA,NA,NA,NA,NA,NA,NA,NA,NA,NA,NA,NA,NA,NA,NA,NA,NA,NA,NA,NA,NA,NA,NA,NA,NA,NA,NA,NA,NA,NA,NA,NA,NA,NA,NA,NA,NA,NA,NA,NA,NA,NA,NA,NA,NA,NA,NA,NA,NA,NA,NA,NA,,,NA,NA,,NA,NA,NA,NA,NA,NA,NA,NA,NA,NA,NA,NA,NA,NA,NA,NA,NA,NA,NA,NA,NA,NA,NA,NA,NA,NA,NA,NA,NA,NA,NA,NA,NA,NA,NA,NA,NA,NA,NA,NA,NA,NA,NA,NA,NA,NA,NA,NA,NA,NA,NA,NA,NA,NA,NA,NA,NA
,,,,,NA,NA,NA,NA,NA,NA,NA,NA,NA,NA,NA,NA,NA,NA,NA,NA,NA,NA,NA,NA,NA,NA,NA,NA,NA,NA,NA,NA,NA,NA,NA,NA,NA,NA,NA,NA,NA,NA,NA,NA,NA,NA,NA,NA,NA,NA,NA,NA,NA,NA,NA,NA,NA,NA,NA,NA,NA,NA,NA,NA,NA,NA,NA,,,NA,NA,,NA,NA,NA,NA,NA,NA,NA,NA,NA,NA,NA,NA,NA,NA,NA,NA,NA,NA,NA,NA,NA,NA,NA,NA,NA,NA,NA,NA,NA,NA,NA,NA,NA,NA,NA,NA,NA,NA,NA,NA,NA,NA,NA,NA,NA,NA,NA,NA,NA,NA,NA,NA,NA,NA,NA,NA,NA
,,,,,More than 3 years,10 or less,Staff,NA,45,Female,NA,NA,NA,NA,NA,NA,NA,NA,NA,NA,NA,NA,NA,NA,NA,NA,NA,NA,NA,NA,NA,NA,NA,NA,NA,NA,NA,NA,NA,NA,NA,NA,NA,NA,NA,NA,NA,NA,NA,NA,NA,NA,NA,NA,NA,NA,NA,NA,NA,NA,NA,NA,NA,NA,NA,NA,NA,,,NA,NA,,NA,NA,NA,NA,NA,NA,NA,NA,NA,NA,NA,NA,NA,NA,NA,NA,NA,NA,NA,NA,NA,NA,NA,NA,NA,NA,NA,NA,NA,NA,NA,NA,NA,NA,NA,NA,NA,NA,NA,NA,NA,NA,NA,NA,NA,NA,NA,NA,NA,NA,NA,NA,NA,NA,NA,NA,NA
,,,,,More than 3 years,11月20日,Administrative support,NA,NA,NA,NA,NA,NA,NA,NA,NA,NA,NA,NA,NA,NA,NA,NA,NA,NA,NA,NA,NA,NA,NA,NA,NA,NA,NA,NA,NA,NA,NA,NA,NA,NA,NA,NA,NA,NA,NA,NA,NA,NA,NA,NA,NA,NA,NA,NA,NA,NA,NA,NA,NA,NA,NA,NA,NA,NA,NA,NA,,,NA,NA,,NA,NA,NA,NA,NA,NA,NA,NA,NA,NA,NA,NA,NA,NA,NA,NA,NA,NA,NA,NA,NA,NA,NA,NA,NA,NA,NA,NA,NA,NA,NA,NA,NA,NA,NA,NA,NA,NA,NA,NA,NA,NA,NA,NA,NA,NA,NA,NA,NA,NA,NA,NA,NA,NA,NA,NA,NA
,,,,,NA,NA,NA,NA,NA,NA,NA,NA,NA,NA,NA,NA,NA,NA,NA,NA,NA,NA,NA,NA,NA,NA,NA,NA,NA,NA,NA,NA,NA,NA,NA,NA,NA,NA,NA,NA,NA,NA,NA,NA,NA,NA,NA,NA,NA,NA,NA,NA,NA,NA,NA,NA,NA,NA,NA,NA,NA,NA,NA,NA,NA,NA,NA,,,NA,NA,,NA,NA,NA,NA,NA,NA,NA,NA,NA,NA,NA,NA,NA,NA,NA,NA,NA,NA,NA,NA,NA,NA,NA,NA,NA,NA,NA,NA,NA,NA,NA,NA,NA,NA,NA,NA,NA,NA,NA,NA,NA,NA,NA,NA,NA,NA,NA,NA,NA,NA,NA,NA,NA,NA,NA,NA,NA
,,,,,1-2 years,31-40,NA,NA,NA,NA,NA,NA,NA,NA,NA,NA,NA,NA,NA,NA,NA,NA,NA,NA,NA,NA,NA,NA,NA,NA,NA,NA,NA,NA,NA,NA,NA,NA,NA,NA,NA,NA,NA,NA,NA,NA,NA,NA,NA,NA,NA,NA,NA,NA,NA,NA,NA,NA,NA,NA,NA,NA,NA,NA,NA,NA,NA,,,NA,NA,,NA,NA,NA,NA,NA,NA,NA,NA,NA,NA,NA,NA,NA,NA,NA,NA,NA,NA,NA,NA,NA,NA,NA,NA,NA,NA,NA,NA,NA,NA,NA,NA,NA,NA,NA,NA,NA,NA,NA,NA,NA,NA,NA,NA,NA,NA,NA,NA,NA,NA,NA,NA,NA,NA,NA,NA,NA